BEGIN;
INSERT INTO funcionalidade (ide_secao, dsc_funcionalidade, ind_excluido, dtc_criacao, dtc_exclusao)
    VALUES (4, 'Declaração de Inexigibilidade', false, current_timestamp, null); 

INSERT INTO funcionalidade_url(
            ide_funcionalidade, dsc_url, ind_principal)
    VALUES (currval('Funcionalidade_IDE_FUNCIONALIDADE_seq'),'/paginas/manter-declaracao-inexigibilidade/declaracaoInexigibilidade.xhtml', false);

INSERT INTO funcionalidade_acao(ide_funcionalidade, ide_acao) VALUES (currval('Funcionalidade_IDE_FUNCIONALIDADE_seq'), 2);
INSERT INTO funcionalidade_acao(ide_funcionalidade, ide_acao) VALUES (currval('Funcionalidade_IDE_FUNCIONALIDADE_seq'), 3);
INSERT INTO funcionalidade_acao(ide_funcionalidade, ide_acao) VALUES (currval('Funcionalidade_IDE_FUNCIONALIDADE_seq'), 4);
INSERT INTO funcionalidade_acao(ide_funcionalidade, ide_acao) VALUES (currval('Funcionalidade_IDE_FUNCIONALIDADE_seq'), 6);

INSERT INTO tipo_atividade_inexigivel(ide_tipo_atividade_inexigivel,des_tipo_atividade_inexigivel, dtc_criacao, dtc_exclusao, ind_ativo)
    VALUES (1,'Inexigível de Outorga', current_timestamp, null, true);
INSERT INTO tipo_atividade_inexigivel(ide_tipo_atividade_inexigivel,des_tipo_atividade_inexigivel, dtc_criacao, dtc_exclusao, ind_ativo)
    VALUES (2,'Inexigível de Licença', current_timestamp, null, true);

INSERT INTO ATIVIDADE_INEXIGIVEL (ide_atividade_inexigivel, nom_atividade_inexigivel, dtc_criacao, ind_ativo, ide_tipo_atividade_inexigivel,permite_endereco,permite_projeto,permite_local_realizacao,permite_unidade,permite_abastecimento,PERMITE_QTD_BUEIROS,PERMITE_PONTE,PERMITE_LUZ_PARA_TODOS, PERMITE_MUNICIPIO_EMERGENCIAL) VALUES (1, 'Realização de obras de manutenção de estradas da propriedade agrícola',now(),true,2,true,false,false,false,false,false,false,false,false);
INSERT INTO ATIVIDADE_INEXIGIVEL (ide_atividade_inexigivel, nom_atividade_inexigivel, dtc_criacao, ind_ativo, ide_tipo_atividade_inexigivel,permite_endereco,permite_projeto,permite_local_realizacao,permite_unidade,permite_abastecimento,PERMITE_QTD_BUEIROS,PERMITE_PONTE,PERMITE_LUZ_PARA_TODOS, PERMITE_MUNICIPIO_EMERGENCIAL) VALUES (2, 'Realização de sondagens geotécnicas',now(),true,2,true,false,false,false,false,false,false,false,false);
INSERT INTO ATIVIDADE_INEXIGIVEL (ide_atividade_inexigivel, nom_atividade_inexigivel, dtc_criacao, ind_ativo, ide_tipo_atividade_inexigivel,permite_endereco,permite_projeto,permite_local_realizacao,permite_unidade,permite_abastecimento,PERMITE_QTD_BUEIROS,PERMITE_PONTE,PERMITE_LUZ_PARA_TODOS, PERMITE_MUNICIPIO_EMERGENCIAL) VALUES (3, 'Pavimentação e drenagem superficial de vias urbanas',now(),true,2,true,false,false,false,false,false,false,false,false);
INSERT INTO ATIVIDADE_INEXIGIVEL (ide_atividade_inexigivel, nom_atividade_inexigivel, dtc_criacao, ind_ativo, ide_tipo_atividade_inexigivel,permite_endereco,permite_projeto,permite_local_realizacao,permite_unidade,permite_abastecimento,PERMITE_QTD_BUEIROS,PERMITE_PONTE,PERMITE_LUZ_PARA_TODOS, PERMITE_MUNICIPIO_EMERGENCIAL) VALUES (4, 'Implantação de postes',now(),true,2,true,false,false,false,false,false,false,false,false);
INSERT INTO ATIVIDADE_INEXIGIVEL (ide_atividade_inexigivel, nom_atividade_inexigivel, dtc_criacao, ind_ativo, ide_tipo_atividade_inexigivel,permite_endereco,permite_projeto,permite_local_realizacao,permite_unidade,permite_abastecimento,PERMITE_QTD_BUEIROS,PERMITE_PONTE,PERMITE_LUZ_PARA_TODOS, PERMITE_MUNICIPIO_EMERGENCIAL) VALUES (5, 'Construção de muros',now(),true,2,true,false,false,false,false,false,false,false,false);
INSERT INTO ATIVIDADE_INEXIGIVEL (ide_atividade_inexigivel, nom_atividade_inexigivel, dtc_criacao, ind_ativo, ide_tipo_atividade_inexigivel,permite_endereco,permite_projeto,permite_local_realizacao,permite_unidade,permite_abastecimento,PERMITE_QTD_BUEIROS,PERMITE_PONTE,PERMITE_LUZ_PARA_TODOS, PERMITE_MUNICIPIO_EMERGENCIAL) VALUES (6, 'Instalação de estação repetidora de sinal para transmissão de dados (não referente a telefonia celular)',now(),true,2,true,false,false,false,false,false,false,false,false);
INSERT INTO ATIVIDADE_INEXIGIVEL (ide_atividade_inexigivel, nom_atividade_inexigivel, dtc_criacao, ind_ativo, ide_tipo_atividade_inexigivel,permite_endereco,permite_projeto,permite_local_realizacao,permite_unidade,permite_abastecimento,PERMITE_QTD_BUEIROS,PERMITE_PONTE,PERMITE_LUZ_PARA_TODOS, PERMITE_MUNICIPIO_EMERGENCIAL) VALUES (7, 'Realização de obras e serviços de preparo e correção do solo e terraceamento',now(),true,2,true,false,false,false,false,false,false,false,false);
INSERT INTO ATIVIDADE_INEXIGIVEL (ide_atividade_inexigivel, nom_atividade_inexigivel, dtc_criacao, ind_ativo, ide_tipo_atividade_inexigivel,permite_endereco,permite_projeto,permite_local_realizacao,permite_unidade,permite_abastecimento,PERMITE_QTD_BUEIROS,PERMITE_PONTE,PERMITE_LUZ_PARA_TODOS, PERMITE_MUNICIPIO_EMERGENCIAL) VALUES (8, 'Construção de cercas, currais e barracão de máquinas',now(),true,2,true,false,false,false,false,false,false,false,false);
INSERT INTO ATIVIDADE_INEXIGIVEL (ide_atividade_inexigivel, nom_atividade_inexigivel, dtc_criacao, ind_ativo, ide_tipo_atividade_inexigivel,permite_endereco,permite_projeto,permite_local_realizacao,permite_unidade,permite_abastecimento,PERMITE_QTD_BUEIROS,PERMITE_PONTE,PERMITE_LUZ_PARA_TODOS, PERMITE_MUNICIPIO_EMERGENCIAL) VALUES (9, 'Implantação e recuperação de estradas vicinais e de passagens molhadas destinadas ao acesso e à circulação de pessoas e de produtos das comunidades rurais',now(),true,2,true,false,false,false,false,false,false,false,false);
INSERT INTO ATIVIDADE_INEXIGIVEL (ide_atividade_inexigivel, nom_atividade_inexigivel, dtc_criacao, ind_ativo, ide_tipo_atividade_inexigivel,permite_endereco,permite_projeto,permite_local_realizacao,permite_unidade,permite_abastecimento,PERMITE_QTD_BUEIROS,PERMITE_PONTE,PERMITE_LUZ_PARA_TODOS, PERMITE_MUNICIPIO_EMERGENCIAL) VALUES (10, 'Sistemas de dessalinização',now(),true,2,true,false,false,false,false,false,false,false,false);
INSERT INTO ATIVIDADE_INEXIGIVEL (ide_atividade_inexigivel, nom_atividade_inexigivel, dtc_criacao, ind_ativo, ide_tipo_atividade_inexigivel,permite_endereco,permite_projeto,permite_local_realizacao,permite_unidade,permite_abastecimento,PERMITE_QTD_BUEIROS,PERMITE_PONTE,PERMITE_LUZ_PARA_TODOS, PERMITE_MUNICIPIO_EMERGENCIAL) VALUES (11, 'Secagem e processamento de sementes',now(),true,2,true,false,false,false,false,false,false,false,false);
INSERT INTO ATIVIDADE_INEXIGIVEL (ide_atividade_inexigivel, nom_atividade_inexigivel, dtc_criacao, ind_ativo, ide_tipo_atividade_inexigivel,permite_endereco,permite_projeto,permite_local_realizacao,permite_unidade,permite_abastecimento,PERMITE_QTD_BUEIROS,PERMITE_PONTE,PERMITE_LUZ_PARA_TODOS, PERMITE_MUNICIPIO_EMERGENCIAL) VALUES (12, 'Construção e operação de postos de lavagem de automóveis',now(),true,2,true,false,false,false,false,false,false,false,false);
INSERT INTO ATIVIDADE_INEXIGIVEL (ide_atividade_inexigivel, nom_atividade_inexigivel, dtc_criacao, ind_ativo, ide_tipo_atividade_inexigivel,permite_endereco,permite_projeto,permite_local_realizacao,permite_unidade,permite_abastecimento,PERMITE_QTD_BUEIROS,PERMITE_PONTE,PERMITE_LUZ_PARA_TODOS, PERMITE_MUNICIPIO_EMERGENCIAL) VALUES (13, 'Construção e operação de oficinas mecânicas',now(),true,2,true,false,false,false,false,false,false,false,false);
INSERT INTO ATIVIDADE_INEXIGIVEL (ide_atividade_inexigivel, nom_atividade_inexigivel, dtc_criacao, ind_ativo, ide_tipo_atividade_inexigivel,permite_endereco,permite_projeto,permite_local_realizacao,permite_unidade,permite_abastecimento,PERMITE_QTD_BUEIROS,PERMITE_PONTE,PERMITE_LUZ_PARA_TODOS, PERMITE_MUNICIPIO_EMERGENCIAL) VALUES (14, 'Construção de operação de borracharias',now(),true,2,true,false,false,false,false,false,false,false,false);
INSERT INTO ATIVIDADE_INEXIGIVEL (ide_atividade_inexigivel, nom_atividade_inexigivel, dtc_criacao, ind_ativo, ide_tipo_atividade_inexigivel,permite_endereco,permite_projeto,permite_local_realizacao,permite_unidade,permite_abastecimento,PERMITE_QTD_BUEIROS,PERMITE_PONTE,PERMITE_LUZ_PARA_TODOS, PERMITE_MUNICIPIO_EMERGENCIAL) VALUES (15, 'Comércio de ferramentas',now(),true,2,true,false,false,false,false,false,false,false,false);
INSERT INTO ATIVIDADE_INEXIGIVEL (ide_atividade_inexigivel, nom_atividade_inexigivel, dtc_criacao, ind_ativo, ide_tipo_atividade_inexigivel,permite_endereco,permite_projeto,permite_local_realizacao,permite_unidade,permite_abastecimento,PERMITE_QTD_BUEIROS,PERMITE_PONTE,PERMITE_LUZ_PARA_TODOS, PERMITE_MUNICIPIO_EMERGENCIAL) VALUES (16, 'Comércio de materiais de construção',now(),true,2,true,false,false,false,false,false,false,false,false);
INSERT INTO ATIVIDADE_INEXIGIVEL (ide_atividade_inexigivel, nom_atividade_inexigivel, dtc_criacao, ind_ativo, ide_tipo_atividade_inexigivel,permite_endereco,permite_projeto,permite_local_realizacao,permite_unidade,permite_abastecimento,PERMITE_QTD_BUEIROS,PERMITE_PONTE,PERMITE_LUZ_PARA_TODOS, PERMITE_MUNICIPIO_EMERGENCIAL) VALUES (17, 'Comércio de produtos alimentícios',now(),true,2,true,false,false,false,false,false,false,false,false);
INSERT INTO ATIVIDADE_INEXIGIVEL (ide_atividade_inexigivel, nom_atividade_inexigivel, dtc_criacao, ind_ativo, ide_tipo_atividade_inexigivel,permite_endereco,permite_projeto,permite_local_realizacao,permite_unidade,permite_abastecimento,PERMITE_QTD_BUEIROS,PERMITE_PONTE,PERMITE_LUZ_PARA_TODOS, PERMITE_MUNICIPIO_EMERGENCIAL) VALUES (18, 'Comércio de móveis',now(),true,2,true,false,false,false,false,false,false,false,false);
INSERT INTO ATIVIDADE_INEXIGIVEL (ide_atividade_inexigivel, nom_atividade_inexigivel, dtc_criacao, ind_ativo, ide_tipo_atividade_inexigivel,permite_endereco,permite_projeto,permite_local_realizacao,permite_unidade,permite_abastecimento,PERMITE_QTD_BUEIROS,PERMITE_PONTE,PERMITE_LUZ_PARA_TODOS, PERMITE_MUNICIPIO_EMERGENCIAL) VALUES (19, 'Beneficiamento de mel',now(),true,2,true,false,false,false,false,false,false,false,false);
INSERT INTO ATIVIDADE_INEXIGIVEL (ide_atividade_inexigivel, nom_atividade_inexigivel, dtc_criacao, ind_ativo, ide_tipo_atividade_inexigivel,permite_endereco,permite_projeto,permite_local_realizacao,permite_unidade,permite_abastecimento,PERMITE_QTD_BUEIROS,PERMITE_PONTE,PERMITE_LUZ_PARA_TODOS, PERMITE_MUNICIPIO_EMERGENCIAL) VALUES (20, 'Reforma de unidades habitacionais',now(),true,2,true,false,false,false,false,false,false,false,false);
INSERT INTO ATIVIDADE_INEXIGIVEL (ide_atividade_inexigivel, nom_atividade_inexigivel, dtc_criacao, ind_ativo, ide_tipo_atividade_inexigivel,permite_endereco,permite_projeto,permite_local_realizacao,permite_unidade,permite_abastecimento,PERMITE_QTD_BUEIROS,PERMITE_PONTE,PERMITE_LUZ_PARA_TODOS, PERMITE_MUNICIPIO_EMERGENCIAL) VALUES (21, 'Secagem de grãos de café',now(),true,2,true,false,false,false,false,false,false,false,false);
INSERT INTO ATIVIDADE_INEXIGIVEL (ide_atividade_inexigivel, nom_atividade_inexigivel, dtc_criacao, ind_ativo, ide_tipo_atividade_inexigivel,permite_endereco,permite_projeto,permite_local_realizacao,permite_unidade,permite_abastecimento,PERMITE_QTD_BUEIROS,PERMITE_PONTE,PERMITE_LUZ_PARA_TODOS, PERMITE_MUNICIPIO_EMERGENCIAL) VALUES (22, 'Autoclave de resíduos de saúde',now(),true,2,true,false,false,false,false,false,false,false,false);
INSERT INTO ATIVIDADE_INEXIGIVEL (ide_atividade_inexigivel, nom_atividade_inexigivel, dtc_criacao, ind_ativo, ide_tipo_atividade_inexigivel,permite_endereco,permite_projeto,permite_local_realizacao,permite_unidade,permite_abastecimento,PERMITE_QTD_BUEIROS,PERMITE_PONTE,PERMITE_LUZ_PARA_TODOS, PERMITE_MUNICIPIO_EMERGENCIAL) VALUES (23, 'Beneficiamento de castanha de caju',now(),true,2,true,false,false,false,false,false,false,false,false);
INSERT INTO ATIVIDADE_INEXIGIVEL (ide_atividade_inexigivel, nom_atividade_inexigivel, dtc_criacao, ind_ativo, ide_tipo_atividade_inexigivel,permite_endereco,permite_projeto,permite_local_realizacao,permite_unidade,permite_abastecimento,PERMITE_QTD_BUEIROS,PERMITE_PONTE,PERMITE_LUZ_PARA_TODOS, PERMITE_MUNICIPIO_EMERGENCIAL) VALUES (24, 'Custeio agrícola e pecuário',now(),true,2,true,false,false,false,false,false,false,false,false);
INSERT INTO ATIVIDADE_INEXIGIVEL (ide_atividade_inexigivel, nom_atividade_inexigivel, dtc_criacao, ind_ativo, ide_tipo_atividade_inexigivel,permite_endereco,permite_projeto,permite_local_realizacao,permite_unidade,permite_abastecimento,PERMITE_QTD_BUEIROS,PERMITE_PONTE,PERMITE_LUZ_PARA_TODOS, PERMITE_MUNICIPIO_EMERGENCIAL) VALUES (25, 'Comércio de aparelhos eletrônicos (celulares, tabletes, eletro portáteis)',now(),true,2,true,false,false,false,false,false,false,false,false);
INSERT INTO ATIVIDADE_INEXIGIVEL (ide_atividade_inexigivel, nom_atividade_inexigivel, dtc_criacao, ind_ativo, ide_tipo_atividade_inexigivel,permite_endereco,permite_projeto,permite_local_realizacao,permite_unidade,permite_abastecimento,PERMITE_QTD_BUEIROS,PERMITE_PONTE,PERMITE_LUZ_PARA_TODOS, PERMITE_MUNICIPIO_EMERGENCIAL) VALUES (26, 'Comércio varejista de rodas e pneus para veículos automotivos',now(),true,2,true,false,false,false,false,false,false,false,false);
INSERT INTO ATIVIDADE_INEXIGIVEL (ide_atividade_inexigivel, nom_atividade_inexigivel, dtc_criacao, ind_ativo, ide_tipo_atividade_inexigivel,permite_endereco,permite_projeto,permite_local_realizacao,permite_unidade,permite_abastecimento,PERMITE_QTD_BUEIROS,PERMITE_PONTE,PERMITE_LUZ_PARA_TODOS, PERMITE_MUNICIPIO_EMERGENCIAL) VALUES (27, 'Lançamento aéreo e/ou subterrâneo de cabos de fibra ótica;',now(),true,2,true,false,false,false,false,false,false,false,false);
INSERT INTO ATIVIDADE_INEXIGIVEL (ide_atividade_inexigivel, nom_atividade_inexigivel, dtc_criacao, ind_ativo, ide_tipo_atividade_inexigivel,permite_endereco,permite_projeto,permite_local_realizacao,permite_unidade,permite_abastecimento,PERMITE_QTD_BUEIROS,PERMITE_PONTE,PERMITE_LUZ_PARA_TODOS, PERMITE_MUNICIPIO_EMERGENCIAL) VALUES (28, 'Ligação de energia elétrica',now(),true,2,true,false,false,false,false,false,false,false,false);
INSERT INTO ATIVIDADE_INEXIGIVEL (ide_atividade_inexigivel, nom_atividade_inexigivel, dtc_criacao, ind_ativo, ide_tipo_atividade_inexigivel,permite_endereco,permite_projeto,permite_local_realizacao,permite_unidade,permite_abastecimento,PERMITE_QTD_BUEIROS,PERMITE_PONTE,PERMITE_LUZ_PARA_TODOS, PERMITE_MUNICIPIO_EMERGENCIAL) VALUES (29, 'Unidade de Biodiesel, com finalidade educativa, em escala piloto, com pequena produção',now(),true,2,true,false,false,false,false,false,false,false,false);
INSERT INTO ATIVIDADE_INEXIGIVEL (ide_atividade_inexigivel, nom_atividade_inexigivel, dtc_criacao, ind_ativo, ide_tipo_atividade_inexigivel,permite_endereco,permite_projeto,permite_local_realizacao,permite_unidade,permite_abastecimento,PERMITE_QTD_BUEIROS,PERMITE_PONTE,PERMITE_LUZ_PARA_TODOS, PERMITE_MUNICIPIO_EMERGENCIAL) VALUES (30, 'Barraca de fogos instalada de forma temporária em épocas de festas',now(),true,2,true,false,false,false,false,false,false,false,false);
INSERT INTO ATIVIDADE_INEXIGIVEL (ide_atividade_inexigivel, nom_atividade_inexigivel, dtc_criacao, ind_ativo, ide_tipo_atividade_inexigivel,permite_endereco,permite_projeto,permite_local_realizacao,permite_unidade,permite_abastecimento,PERMITE_QTD_BUEIROS,PERMITE_PONTE,PERMITE_LUZ_PARA_TODOS, PERMITE_MUNICIPIO_EMERGENCIAL) VALUES (31, 'Instalação de infraestrutura metálica necessária para implantação de Estações Rádio-Base de telefonia celular',now(),true,2,true,false,false,false,false,false,false,false,false);
INSERT INTO ATIVIDADE_INEXIGIVEL (ide_atividade_inexigivel, nom_atividade_inexigivel, dtc_criacao, ind_ativo, ide_tipo_atividade_inexigivel,permite_endereco,permite_projeto,permite_local_realizacao,permite_unidade,permite_abastecimento,PERMITE_QTD_BUEIROS,PERMITE_PONTE,PERMITE_LUZ_PARA_TODOS, PERMITE_MUNICIPIO_EMERGENCIAL) VALUES (32, 'Construção e operação de subestações de energia',now(),true,2,true,false,false,false,false,false,false,false,false);
INSERT INTO ATIVIDADE_INEXIGIVEL (ide_atividade_inexigivel, nom_atividade_inexigivel, dtc_criacao, ind_ativo, ide_tipo_atividade_inexigivel,permite_endereco,permite_projeto,permite_local_realizacao,permite_unidade,permite_abastecimento,PERMITE_QTD_BUEIROS,PERMITE_PONTE,PERMITE_LUZ_PARA_TODOS, PERMITE_MUNICIPIO_EMERGENCIAL) VALUES (33, 'Reforço de rede elétrica',now(),true,2,false,true,false,false,false,false,false,true,false);
INSERT INTO ATIVIDADE_INEXIGIVEL (ide_atividade_inexigivel, nom_atividade_inexigivel, dtc_criacao, ind_ativo, ide_tipo_atividade_inexigivel,permite_endereco,permite_projeto,permite_local_realizacao,permite_unidade,permite_abastecimento,PERMITE_QTD_BUEIROS,PERMITE_PONTE,PERMITE_LUZ_PARA_TODOS, PERMITE_MUNICIPIO_EMERGENCIAL) VALUES (34, 'Instalação de banco regulador de tensão',now(),true,2,false,true,false,false,false,false,false,true,false);
INSERT INTO ATIVIDADE_INEXIGIVEL (ide_atividade_inexigivel, nom_atividade_inexigivel, dtc_criacao, ind_ativo, ide_tipo_atividade_inexigivel,permite_endereco,permite_projeto,permite_local_realizacao,permite_unidade,permite_abastecimento,PERMITE_QTD_BUEIROS,PERMITE_PONTE,PERMITE_LUZ_PARA_TODOS, PERMITE_MUNICIPIO_EMERGENCIAL) VALUES (35, 'Instalação de banco regulador automático REFO',now(),true,2,false,true,false,false,false,false,false,true,false);
INSERT INTO ATIVIDADE_INEXIGIVEL (ide_atividade_inexigivel, nom_atividade_inexigivel, dtc_criacao, ind_ativo, ide_tipo_atividade_inexigivel,permite_endereco,permite_projeto,permite_local_realizacao,permite_unidade,permite_abastecimento,PERMITE_QTD_BUEIROS,PERMITE_PONTE,PERMITE_LUZ_PARA_TODOS, PERMITE_MUNICIPIO_EMERGENCIAL) VALUES (36, 'Substituição de condutores/ferragens e implantação/remoção de estruturas de concreto LD',now(),true,2,false,true,false,false,false,false,false,true,false);
INSERT INTO ATIVIDADE_INEXIGIVEL (ide_atividade_inexigivel, nom_atividade_inexigivel, dtc_criacao, ind_ativo, ide_tipo_atividade_inexigivel,permite_endereco,permite_projeto,permite_local_realizacao,permite_unidade,permite_abastecimento,PERMITE_QTD_BUEIROS,PERMITE_PONTE,PERMITE_LUZ_PARA_TODOS, PERMITE_MUNICIPIO_EMERGENCIAL) VALUES (37, 'Reconstrução circuito duplo LD',now(),true,2,false,true,false,false,false,false,false,true,false);
INSERT INTO ATIVIDADE_INEXIGIVEL (ide_atividade_inexigivel, nom_atividade_inexigivel, dtc_criacao, ind_ativo, ide_tipo_atividade_inexigivel,permite_endereco,permite_projeto,permite_local_realizacao,permite_unidade,permite_abastecimento,PERMITE_QTD_BUEIROS,PERMITE_PONTE,PERMITE_LUZ_PARA_TODOS, PERMITE_MUNICIPIO_EMERGENCIAL) VALUES (38, 'Instalação de banco capacitor automático',now(),true,2,false,true,false,false,false,false,false,true,false);
INSERT INTO ATIVIDADE_INEXIGIVEL (ide_atividade_inexigivel, nom_atividade_inexigivel, dtc_criacao, ind_ativo, ide_tipo_atividade_inexigivel,permite_endereco,permite_projeto,permite_local_realizacao,permite_unidade,permite_abastecimento,PERMITE_QTD_BUEIROS,PERMITE_PONTE,PERMITE_LUZ_PARA_TODOS, PERMITE_MUNICIPIO_EMERGENCIAL) VALUES (39, 'Recondutoramento da LD',now(),true,2,false,true,false,false,false,false,false,true,false);
INSERT INTO ATIVIDADE_INEXIGIVEL (ide_atividade_inexigivel, nom_atividade_inexigivel, dtc_criacao, ind_ativo, ide_tipo_atividade_inexigivel,permite_endereco,permite_projeto,permite_local_realizacao,permite_unidade,permite_abastecimento,PERMITE_QTD_BUEIROS,PERMITE_PONTE,PERMITE_LUZ_PARA_TODOS, PERMITE_MUNICIPIO_EMERGENCIAL) VALUES (40, 'Manutenção de linhas de transmissão',now(),true,2,false,true,false,false,false,false,false,true,false);
INSERT INTO ATIVIDADE_INEXIGIVEL (ide_atividade_inexigivel, nom_atividade_inexigivel, dtc_criacao, ind_ativo, ide_tipo_atividade_inexigivel,permite_endereco,permite_projeto,permite_local_realizacao,permite_unidade,permite_abastecimento,PERMITE_QTD_BUEIROS,PERMITE_PONTE,PERMITE_LUZ_PARA_TODOS, PERMITE_MUNICIPIO_EMERGENCIAL) VALUES (41, 'Construção de postos de saúde',now(),true,2,false,false,false,true,false,false,false,false,false);
INSERT INTO ATIVIDADE_INEXIGIVEL (ide_atividade_inexigivel, nom_atividade_inexigivel, dtc_criacao, ind_ativo, ide_tipo_atividade_inexigivel,permite_endereco,permite_projeto,permite_local_realizacao,permite_unidade,permite_abastecimento,PERMITE_QTD_BUEIROS,PERMITE_PONTE,PERMITE_LUZ_PARA_TODOS, PERMITE_MUNICIPIO_EMERGENCIAL) VALUES (42, 'Construção de hospitais',now(),true,2,false,false,false,true,false,false,false,false,false);
INSERT INTO ATIVIDADE_INEXIGIVEL (ide_atividade_inexigivel, nom_atividade_inexigivel, dtc_criacao, ind_ativo, ide_tipo_atividade_inexigivel,permite_endereco,permite_projeto,permite_local_realizacao,permite_unidade,permite_abastecimento,PERMITE_QTD_BUEIROS,PERMITE_PONTE,PERMITE_LUZ_PARA_TODOS, PERMITE_MUNICIPIO_EMERGENCIAL) VALUES (43, 'Construção de escolas e demais instituições de ensino',now(),true,2,false,false,false,true,false,false,false,false,false);
INSERT INTO ATIVIDADE_INEXIGIVEL (ide_atividade_inexigivel, nom_atividade_inexigivel, dtc_criacao, ind_ativo, ide_tipo_atividade_inexigivel,permite_endereco,permite_projeto,permite_local_realizacao,permite_unidade,permite_abastecimento,PERMITE_QTD_BUEIROS,PERMITE_PONTE,PERMITE_LUZ_PARA_TODOS, PERMITE_MUNICIPIO_EMERGENCIAL) VALUES (44, 'Construção de clínicas',now(),true,2,false,false,false,true,false,false,false,false,false);
INSERT INTO ATIVIDADE_INEXIGIVEL (ide_atividade_inexigivel, nom_atividade_inexigivel, dtc_criacao, ind_ativo, ide_tipo_atividade_inexigivel,permite_endereco,permite_projeto,permite_local_realizacao,permite_unidade,permite_abastecimento,PERMITE_QTD_BUEIROS,PERMITE_PONTE,PERMITE_LUZ_PARA_TODOS, PERMITE_MUNICIPIO_EMERGENCIAL) VALUES (45, 'Construção de laboratórios médicos',now(),true,2,false,false,false,true,false,false,false,false,false);
INSERT INTO ATIVIDADE_INEXIGIVEL (ide_atividade_inexigivel, nom_atividade_inexigivel, dtc_criacao, ind_ativo, ide_tipo_atividade_inexigivel,permite_endereco,permite_projeto,permite_local_realizacao,permite_unidade,permite_abastecimento,PERMITE_QTD_BUEIROS,PERMITE_PONTE,PERMITE_LUZ_PARA_TODOS, PERMITE_MUNICIPIO_EMERGENCIAL) VALUES (46, 'Construção de postos policiais',now(),true,2,false,false,false,true,false,false,false,false,false);
INSERT INTO ATIVIDADE_INEXIGIVEL (ide_atividade_inexigivel, nom_atividade_inexigivel, dtc_criacao, ind_ativo, ide_tipo_atividade_inexigivel,permite_endereco,permite_projeto,permite_local_realizacao,permite_unidade,permite_abastecimento,PERMITE_QTD_BUEIROS,PERMITE_PONTE,PERMITE_LUZ_PARA_TODOS, PERMITE_MUNICIPIO_EMERGENCIAL) VALUES (47, 'Construção de mercados',now(),true,2,false,false,false,true,false,false,false,false,false);
INSERT INTO ATIVIDADE_INEXIGIVEL (ide_atividade_inexigivel, nom_atividade_inexigivel, dtc_criacao, ind_ativo, ide_tipo_atividade_inexigivel,permite_endereco,permite_projeto,permite_local_realizacao,permite_unidade,permite_abastecimento,PERMITE_QTD_BUEIROS,PERMITE_PONTE,PERMITE_LUZ_PARA_TODOS, PERMITE_MUNICIPIO_EMERGENCIAL) VALUES (48, 'Construção de feiras livres',now(),true,2,false,false,false,true,false,false,false,false,false);
INSERT INTO ATIVIDADE_INEXIGIVEL (ide_atividade_inexigivel, nom_atividade_inexigivel, dtc_criacao, ind_ativo, ide_tipo_atividade_inexigivel,permite_endereco,permite_projeto,permite_local_realizacao,permite_unidade,permite_abastecimento,PERMITE_QTD_BUEIROS,PERMITE_PONTE,PERMITE_LUZ_PARA_TODOS, PERMITE_MUNICIPIO_EMERGENCIAL) VALUES (49, 'Construção de praças',now(),true,2,false,false,false,true,false,false,false,false,false);
INSERT INTO ATIVIDADE_INEXIGIVEL (ide_atividade_inexigivel, nom_atividade_inexigivel, dtc_criacao, ind_ativo, ide_tipo_atividade_inexigivel,permite_endereco,permite_projeto,permite_local_realizacao,permite_unidade,permite_abastecimento,PERMITE_QTD_BUEIROS,PERMITE_PONTE,PERMITE_LUZ_PARA_TODOS, PERMITE_MUNICIPIO_EMERGENCIAL) VALUES (50, 'Construção de terminais rodoviários de passageiros, sem base operacional',now(),true,2,false,false,false,true,false,false,false,false,false);
INSERT INTO ATIVIDADE_INEXIGIVEL (ide_atividade_inexigivel, nom_atividade_inexigivel, dtc_criacao, ind_ativo, ide_tipo_atividade_inexigivel,permite_endereco,permite_projeto,permite_local_realizacao,permite_unidade,permite_abastecimento,PERMITE_QTD_BUEIROS,PERMITE_PONTE,PERMITE_LUZ_PARA_TODOS, PERMITE_MUNICIPIO_EMERGENCIAL) VALUES (51, 'Construção de ciclovias',now(),true,2,false,false,false,true,false,false,false,false,false);
INSERT INTO ATIVIDADE_INEXIGIVEL (ide_atividade_inexigivel, nom_atividade_inexigivel, dtc_criacao, ind_ativo, ide_tipo_atividade_inexigivel,permite_endereco,permite_projeto,permite_local_realizacao,permite_unidade,permite_abastecimento,PERMITE_QTD_BUEIROS,PERMITE_PONTE,PERMITE_LUZ_PARA_TODOS, PERMITE_MUNICIPIO_EMERGENCIAL) VALUES (52, 'Construção de passarelas de pedestres',now(),true,2,false,false,false,true,false,false,false,false,false);
INSERT INTO ATIVIDADE_INEXIGIVEL (ide_atividade_inexigivel, nom_atividade_inexigivel, dtc_criacao, ind_ativo, ide_tipo_atividade_inexigivel,permite_endereco,permite_projeto,permite_local_realizacao,permite_unidade,permite_abastecimento,PERMITE_QTD_BUEIROS,PERMITE_PONTE,PERMITE_LUZ_PARA_TODOS, PERMITE_MUNICIPIO_EMERGENCIAL) VALUES (53, 'Construção de presídio',now(),true,2,false,false,false,true,false,false,false,false,false);
INSERT INTO ATIVIDADE_INEXIGIVEL (ide_atividade_inexigivel, nom_atividade_inexigivel, dtc_criacao, ind_ativo, ide_tipo_atividade_inexigivel,permite_endereco,permite_projeto,permite_local_realizacao,permite_unidade,permite_abastecimento,PERMITE_QTD_BUEIROS,PERMITE_PONTE,PERMITE_LUZ_PARA_TODOS, PERMITE_MUNICIPIO_EMERGENCIAL) VALUES (54, 'Transporte intermunicipal de produtos e/ou resíduos não perigosos',now(),true,2,false,false,true,false,false,false,false,false,false);
INSERT INTO ATIVIDADE_INEXIGIVEL (ide_atividade_inexigivel, nom_atividade_inexigivel, dtc_criacao, ind_ativo, ide_tipo_atividade_inexigivel,permite_endereco,permite_projeto,permite_local_realizacao,permite_unidade,permite_abastecimento,PERMITE_QTD_BUEIROS,PERMITE_PONTE,PERMITE_LUZ_PARA_TODOS, PERMITE_MUNICIPIO_EMERGENCIAL) VALUES (55, 'Limpeza urbana',now(),true,2,false,false,true,false,false,false,false,false,false);
INSERT INTO ATIVIDADE_INEXIGIVEL (ide_atividade_inexigivel, nom_atividade_inexigivel, dtc_criacao, ind_ativo, ide_tipo_atividade_inexigivel,permite_endereco,permite_projeto,permite_local_realizacao,permite_unidade,permite_abastecimento,PERMITE_QTD_BUEIROS,PERMITE_PONTE,PERMITE_LUZ_PARA_TODOS, PERMITE_MUNICIPIO_EMERGENCIAL) VALUES (56, 'Higienização de reservatórios de água potável',now(),true,2,false,false,true,false,false,false,false,false,false);
INSERT INTO ATIVIDADE_INEXIGIVEL (ide_atividade_inexigivel, nom_atividade_inexigivel, dtc_criacao, ind_ativo, ide_tipo_atividade_inexigivel,permite_endereco,permite_projeto,permite_local_realizacao,permite_unidade,permite_abastecimento,PERMITE_QTD_BUEIROS,PERMITE_PONTE,PERMITE_LUZ_PARA_TODOS, PERMITE_MUNICIPIO_EMERGENCIAL) VALUES (57, 'Limpeza e desentupimento de fossas sépticas',now(),true,2,false,false,true,false,false,false,false,false,false);
INSERT INTO ATIVIDADE_INEXIGIVEL (ide_atividade_inexigivel, nom_atividade_inexigivel, dtc_criacao, ind_ativo, ide_tipo_atividade_inexigivel,permite_endereco,permite_projeto,permite_local_realizacao,permite_unidade,permite_abastecimento,PERMITE_QTD_BUEIROS,PERMITE_PONTE,PERMITE_LUZ_PARA_TODOS, PERMITE_MUNICIPIO_EMERGENCIAL) VALUES (58, 'Manutenção industrial em área de terceiros devidamente licenciados',now(),true,2,false,false,true,false,false,false,false,false,false);
INSERT INTO ATIVIDADE_INEXIGIVEL (ide_atividade_inexigivel, nom_atividade_inexigivel, dtc_criacao, ind_ativo, ide_tipo_atividade_inexigivel,permite_endereco,permite_projeto,permite_local_realizacao,permite_unidade,permite_abastecimento,PERMITE_QTD_BUEIROS,PERMITE_PONTE,PERMITE_LUZ_PARA_TODOS, PERMITE_MUNICIPIO_EMERGENCIAL) VALUES (59, 'Limpeza e desinfecção de superfícies em embarcações, tanques de água, tanques e isotanque e silos de granel',now(),true,2,false,false,true,false,false,false,false,false,false);
INSERT INTO ATIVIDADE_INEXIGIVEL (ide_atividade_inexigivel, nom_atividade_inexigivel, dtc_criacao, ind_ativo, ide_tipo_atividade_inexigivel,permite_endereco,permite_projeto,permite_local_realizacao,permite_unidade,permite_abastecimento,PERMITE_QTD_BUEIROS,PERMITE_PONTE,PERMITE_LUZ_PARA_TODOS, PERMITE_MUNICIPIO_EMERGENCIAL) VALUES (60, 'Limpeza de tanques industriais, limpeza industrial em geral, dutos de ventilação e refrigeração de ar e máquinas industriais, em área de terceiros devidamente licenciados',now(),true,2,false,false,true,false,false,false,false,false,false);
INSERT INTO ATIVIDADE_INEXIGIVEL (ide_atividade_inexigivel, nom_atividade_inexigivel, dtc_criacao, ind_ativo, ide_tipo_atividade_inexigivel,permite_endereco,permite_projeto,permite_local_realizacao,permite_unidade,permite_abastecimento,PERMITE_QTD_BUEIROS,PERMITE_PONTE,PERMITE_LUZ_PARA_TODOS, PERMITE_MUNICIPIO_EMERGENCIAL) VALUES (61, 'Dedetização e controle de pragas urbanas',now(),true,2,false,false,true,false,false,false,false,false,false);
INSERT INTO ATIVIDADE_INEXIGIVEL (ide_atividade_inexigivel, nom_atividade_inexigivel, dtc_criacao, ind_ativo, ide_tipo_atividade_inexigivel,permite_endereco,permite_projeto,permite_local_realizacao,permite_unidade,permite_abastecimento,PERMITE_QTD_BUEIROS,PERMITE_PONTE,PERMITE_LUZ_PARA_TODOS, PERMITE_MUNICIPIO_EMERGENCIAL) VALUES (62, 'Serviços de operação e manutenção de bases avançadas para atendimento à emergências',now(),true,2,false,false,true,false,false,false,false,false,false);
INSERT INTO ATIVIDADE_INEXIGIVEL (ide_atividade_inexigivel, nom_atividade_inexigivel, dtc_criacao, ind_ativo, ide_tipo_atividade_inexigivel,permite_endereco,permite_projeto,permite_local_realizacao,permite_unidade,permite_abastecimento,PERMITE_QTD_BUEIROS,PERMITE_PONTE,PERMITE_LUZ_PARA_TODOS, PERMITE_MUNICIPIO_EMERGENCIAL) VALUES (63, 'Serviços de agenciamento e apoio marítimo',now(),true,2,false,false,true,false,false,false,false,false,false);
INSERT INTO ATIVIDADE_INEXIGIVEL (ide_atividade_inexigivel, nom_atividade_inexigivel, dtc_criacao, ind_ativo, ide_tipo_atividade_inexigivel,permite_endereco,permite_projeto,permite_local_realizacao,permite_unidade,permite_abastecimento,PERMITE_QTD_BUEIROS,PERMITE_PONTE,PERMITE_LUZ_PARA_TODOS, PERMITE_MUNICIPIO_EMERGENCIAL) VALUES (64, 'Serviços de desobstrução de redes e tubulações on-shore/offshore',now(),true,2,false,false,true,false,false,false,false,false,false);
INSERT INTO ATIVIDADE_INEXIGIVEL (ide_atividade_inexigivel, nom_atividade_inexigivel, dtc_criacao, ind_ativo, ide_tipo_atividade_inexigivel,permite_endereco,permite_projeto,permite_local_realizacao,permite_unidade,permite_abastecimento,PERMITE_QTD_BUEIROS,PERMITE_PONTE,PERMITE_LUZ_PARA_TODOS, PERMITE_MUNICIPIO_EMERGENCIAL) VALUES (65, 'Prestação de serviços de laboratório de análises inorgânicas, análises orgânicas e laboratório de biologia',now(),true,2,false,false,true,false,false,false,false,false,false);
INSERT INTO ATIVIDADE_INEXIGIVEL (ide_atividade_inexigivel, nom_atividade_inexigivel, dtc_criacao, ind_ativo, ide_tipo_atividade_inexigivel,permite_endereco,permite_projeto,permite_local_realizacao,permite_unidade,permite_abastecimento,PERMITE_QTD_BUEIROS,PERMITE_PONTE,PERMITE_LUZ_PARA_TODOS, PERMITE_MUNICIPIO_EMERGENCIAL) VALUES (66, 'Consultoria e projetos de engenharia',now(),true,2,false,false,true,false,false,false,false,false,false);
INSERT INTO ATIVIDADE_INEXIGIVEL (ide_atividade_inexigivel, nom_atividade_inexigivel, dtc_criacao, ind_ativo, ide_tipo_atividade_inexigivel,permite_endereco,permite_projeto,permite_local_realizacao,permite_unidade,permite_abastecimento,PERMITE_QTD_BUEIROS,PERMITE_PONTE,PERMITE_LUZ_PARA_TODOS, PERMITE_MUNICIPIO_EMERGENCIAL) VALUES (67, 'Prestação de serviços de engenharia',now(),true,2,false,false,true,false,false,false,false,false,false);
INSERT INTO ATIVIDADE_INEXIGIVEL (ide_atividade_inexigivel, nom_atividade_inexigivel, dtc_criacao, ind_ativo, ide_tipo_atividade_inexigivel,permite_endereco,permite_projeto,permite_local_realizacao,permite_unidade,permite_abastecimento,PERMITE_QTD_BUEIROS,PERMITE_PONTE,PERMITE_LUZ_PARA_TODOS, PERMITE_MUNICIPIO_EMERGENCIAL) VALUES (68, 'Desenvolvimento de softwares',now(),true,2,false,false,true,false,false,false,false,false,false);
INSERT INTO ATIVIDADE_INEXIGIVEL (ide_atividade_inexigivel, nom_atividade_inexigivel, dtc_criacao, ind_ativo, ide_tipo_atividade_inexigivel,permite_endereco,permite_projeto,permite_local_realizacao,permite_unidade,permite_abastecimento,PERMITE_QTD_BUEIROS,PERMITE_PONTE,PERMITE_LUZ_PARA_TODOS, PERMITE_MUNICIPIO_EMERGENCIAL) VALUES (69, 'Lavanderia e/ou tinturaria doméstica',now(),true,2,false,false,true,false,false,false,false,false,false);
INSERT INTO ATIVIDADE_INEXIGIVEL (ide_atividade_inexigivel, nom_atividade_inexigivel, dtc_criacao, ind_ativo, ide_tipo_atividade_inexigivel,permite_endereco,permite_projeto,permite_local_realizacao,permite_unidade,permite_abastecimento,PERMITE_QTD_BUEIROS,PERMITE_PONTE,PERMITE_LUZ_PARA_TODOS, PERMITE_MUNICIPIO_EMERGENCIAL) VALUES (70, 'Locação de máquinas e/ou equipamentos',now(),true,2,false,false,true,false,false,false,false,false,false);
INSERT INTO ATIVIDADE_INEXIGIVEL (ide_atividade_inexigivel, nom_atividade_inexigivel, dtc_criacao, ind_ativo, ide_tipo_atividade_inexigivel,permite_endereco,permite_projeto,permite_local_realizacao,permite_unidade,permite_abastecimento,PERMITE_QTD_BUEIROS,PERMITE_PONTE,PERMITE_LUZ_PARA_TODOS, PERMITE_MUNICIPIO_EMERGENCIAL) VALUES (71, 'Construção e ampliação de sistemas de abastecimento de água com vazão máxima de 100 l/s; OBS.: Previsto no decreto da seca',now(),true,2,false,false,false,false,true,false,false,false,false);
INSERT INTO ATIVIDADE_INEXIGIVEL (ide_atividade_inexigivel, nom_atividade_inexigivel, dtc_criacao, ind_ativo, ide_tipo_atividade_inexigivel,permite_endereco,permite_projeto,permite_local_realizacao,permite_unidade,permite_abastecimento,PERMITE_QTD_BUEIROS,PERMITE_PONTE,PERMITE_LUZ_PARA_TODOS, PERMITE_MUNICIPIO_EMERGENCIAL) VALUES (72, 'Construção de reservatórios artificiais, açudes ou barreiros, com área inundada de até 200ha (duzentos hectares)',now(),true,2,false,false,false,true,false,false,false,false,false);
INSERT INTO ATIVIDADE_INEXIGIVEL (ide_atividade_inexigivel, nom_atividade_inexigivel, dtc_criacao, ind_ativo, ide_tipo_atividade_inexigivel,permite_endereco,permite_projeto,permite_local_realizacao,permite_unidade,permite_abastecimento,PERMITE_QTD_BUEIROS,PERMITE_PONTE,PERMITE_LUZ_PARA_TODOS, PERMITE_MUNICIPIO_EMERGENCIAL) VALUES (73, 'Construção de barragens de em municípios decretados em situação de emergência',now(),true,2,true,false,false,false,false,false,false,false,true);
INSERT INTO ATIVIDADE_INEXIGIVEL (ide_atividade_inexigivel, nom_atividade_inexigivel, dtc_criacao, ind_ativo, ide_tipo_atividade_inexigivel,permite_endereco,permite_projeto,permite_local_realizacao,permite_unidade,permite_abastecimento,PERMITE_QTD_BUEIROS,PERMITE_PONTE,PERMITE_LUZ_PARA_TODOS, PERMITE_MUNICIPIO_EMERGENCIAL) VALUES (74, 'Construção de cisternas e outros equipamentos destinados à captação e retenção de água de qualquer espécie, forma ou modelo',now(),true,2,false,false,false,false,false,false,false,false,true);
INSERT INTO ATIVIDADE_INEXIGIVEL (ide_atividade_inexigivel, nom_atividade_inexigivel, dtc_criacao, ind_ativo, ide_tipo_atividade_inexigivel,permite_endereco,permite_projeto,permite_local_realizacao,permite_unidade,permite_abastecimento,PERMITE_QTD_BUEIROS,PERMITE_PONTE,PERMITE_LUZ_PARA_TODOS, PERMITE_MUNICIPIO_EMERGENCIAL) VALUES (75, 'Construção de apriscos e silos forrageiros, bem como de armazéns e galpões que não possuam a finalidade de transformação de produtos, que não gerem resíduos poluentes e que não sirvam de armazenamento de produtos tóxicos',now(),true,2,true,false,false,false,false,false,false,false,false);
INSERT INTO ATIVIDADE_INEXIGIVEL (ide_atividade_inexigivel, nom_atividade_inexigivel, dtc_criacao, ind_ativo, ide_tipo_atividade_inexigivel,permite_endereco,permite_projeto,permite_local_realizacao,permite_unidade,permite_abastecimento,PERMITE_QTD_BUEIROS,PERMITE_PONTE,PERMITE_LUZ_PARA_TODOS, PERMITE_MUNICIPIO_EMERGENCIAL) VALUES (76, 'Recuperação de estradas e/ou rodovias',now(),true,2,false,false,false,true,false,false,false,false,true);
INSERT INTO ATIVIDADE_INEXIGIVEL (ide_atividade_inexigivel, nom_atividade_inexigivel, dtc_criacao, ind_ativo, ide_tipo_atividade_inexigivel,permite_endereco,permite_projeto,permite_local_realizacao,permite_unidade,permite_abastecimento,PERMITE_QTD_BUEIROS,PERMITE_PONTE,PERMITE_LUZ_PARA_TODOS, PERMITE_MUNICIPIO_EMERGENCIAL) VALUES (77, 'Construção de barragens subterrâneas em municípios decretados em situação de emergência',now(),true,2,true,false,false,false,false,false,false,false,true);
INSERT INTO ATIVIDADE_INEXIGIVEL (ide_atividade_inexigivel, nom_atividade_inexigivel, dtc_criacao, ind_ativo, ide_tipo_atividade_inexigivel,permite_endereco,permite_projeto,permite_local_realizacao,permite_unidade,permite_abastecimento,PERMITE_QTD_BUEIROS,PERMITE_PONTE,PERMITE_LUZ_PARA_TODOS, PERMITE_MUNICIPIO_EMERGENCIAL) VALUES (78, 'Construção de reservatórios artificiais, açudes ou barreiros, com área inundada de até 200ha (duzentos hectares)',now(),true,1,true,false,false,true,false,false,false,false,false);
INSERT INTO ATIVIDADE_INEXIGIVEL (ide_atividade_inexigivel, nom_atividade_inexigivel, dtc_criacao, ind_ativo, ide_tipo_atividade_inexigivel,permite_endereco,permite_projeto,permite_local_realizacao,permite_unidade,permite_abastecimento,PERMITE_QTD_BUEIROS,PERMITE_PONTE,PERMITE_LUZ_PARA_TODOS, PERMITE_MUNICIPIO_EMERGENCIAL) VALUES (79, 'Construção de cisternas e outros equipamentos destinados à captação e retenção de água de qualquer espécie, forma ou modelo',now(),true,1,true,false,false,false,false,false,false,false,true);
INSERT INTO ATIVIDADE_INEXIGIVEL (ide_atividade_inexigivel, nom_atividade_inexigivel, dtc_criacao, ind_ativo, ide_tipo_atividade_inexigivel,permite_endereco,permite_projeto,permite_local_realizacao,permite_unidade,permite_abastecimento,PERMITE_QTD_BUEIROS,PERMITE_PONTE,PERMITE_LUZ_PARA_TODOS, PERMITE_MUNICIPIO_EMERGENCIAL) VALUES (80, 'Construção de ponte que não interfira na quantidade, qualidade ou regime das águas',now(),true,1,true,false,false,false,false,false,true,false,false);
INSERT INTO ATIVIDADE_INEXIGIVEL (ide_atividade_inexigivel, nom_atividade_inexigivel, dtc_criacao, ind_ativo, ide_tipo_atividade_inexigivel,permite_endereco,permite_projeto,permite_local_realizacao,permite_unidade,permite_abastecimento,PERMITE_QTD_BUEIROS,PERMITE_PONTE,PERMITE_LUZ_PARA_TODOS, PERMITE_MUNICIPIO_EMERGENCIAL) VALUES (81, 'Construção de passagens molhadas que não interfiram na quantidade, qualidade ou regime das águas',now(),true,1,true,false,false,false,false,false,false,false,false);
INSERT INTO ATIVIDADE_INEXIGIVEL (ide_atividade_inexigivel, nom_atividade_inexigivel, dtc_criacao, ind_ativo, ide_tipo_atividade_inexigivel,permite_endereco,permite_projeto,permite_local_realizacao,permite_unidade,permite_abastecimento,PERMITE_QTD_BUEIROS,PERMITE_PONTE,PERMITE_LUZ_PARA_TODOS, PERMITE_MUNICIPIO_EMERGENCIAL) VALUES (82, 'Construção de travessias aéreas, subaquáticas e/ou subterrâneas que não interfiram na quantidade, qualidade ou regime das águas',now(),true,1,true,false,false,false,false,false,false,false,false);
INSERT INTO ATIVIDADE_INEXIGIVEL (ide_atividade_inexigivel, nom_atividade_inexigivel, dtc_criacao, ind_ativo, ide_tipo_atividade_inexigivel,permite_endereco,permite_projeto,permite_local_realizacao,permite_unidade,permite_abastecimento,PERMITE_QTD_BUEIROS,PERMITE_PONTE,PERMITE_LUZ_PARA_TODOS, PERMITE_MUNICIPIO_EMERGENCIAL) VALUES (83, 'Construção de bueiros que não interfiram na quantidade, qualidade ou regime das águas',now(),true,1,true,false,false,false,false,true,false,false,false);
INSERT INTO ATIVIDADE_INEXIGIVEL (ide_atividade_inexigivel, nom_atividade_inexigivel, dtc_criacao, ind_ativo, ide_tipo_atividade_inexigivel,permite_endereco,permite_projeto,permite_local_realizacao,permite_unidade,permite_abastecimento,PERMITE_QTD_BUEIROS,PERMITE_PONTE,PERMITE_LUZ_PARA_TODOS, PERMITE_MUNICIPIO_EMERGENCIAL) VALUES (84, 'Limpeza e conservação de margens de corpos d’água que não interfiram na quantidade, qualidade ou regime das águas',now(),true,1,true,false,false,false,false,false,false,false,false);
INSERT INTO ATIVIDADE_INEXIGIVEL (ide_atividade_inexigivel, nom_atividade_inexigivel, dtc_criacao, ind_ativo, ide_tipo_atividade_inexigivel,permite_endereco,permite_projeto,permite_local_realizacao,permite_unidade,permite_abastecimento,PERMITE_QTD_BUEIROS,PERMITE_PONTE,PERMITE_LUZ_PARA_TODOS, PERMITE_MUNICIPIO_EMERGENCIAL) VALUES (85, 'Drenagem e/ou captação de águas pluviais',now(),true,1,true,false,false,false,false,false,false,false,false);
INSERT INTO ATIVIDADE_INEXIGIVEL (ide_atividade_inexigivel, nom_atividade_inexigivel, dtc_criacao, ind_ativo, ide_tipo_atividade_inexigivel,permite_endereco,permite_projeto,permite_local_realizacao,permite_unidade,permite_abastecimento,PERMITE_QTD_BUEIROS,PERMITE_PONTE,PERMITE_LUZ_PARA_TODOS, PERMITE_MUNICIPIO_EMERGENCIAL) VALUES (86, 'Construção de píer em corpo/manancial hídrico',now(),true,1,true,false,false,false,false,false,false,false,false);
INSERT INTO ATIVIDADE_INEXIGIVEL (ide_atividade_inexigivel, nom_atividade_inexigivel, dtc_criacao, ind_ativo, ide_tipo_atividade_inexigivel,permite_endereco,permite_projeto,permite_local_realizacao,permite_unidade,permite_abastecimento,PERMITE_QTD_BUEIROS,PERMITE_PONTE,PERMITE_LUZ_PARA_TODOS, PERMITE_MUNICIPIO_EMERGENCIAL) VALUES (87, 'Construção de cisternas e outros equipamentos destinados ao armazenamento e retenção de água de qualquer espécie, forma ou modelo',now(),true,1,true,false,false,false,false,false,false,false,false);
INSERT INTO ATIVIDADE_INEXIGIVEL (ide_atividade_inexigivel, nom_atividade_inexigivel, dtc_criacao, ind_ativo, ide_tipo_atividade_inexigivel,permite_endereco,permite_projeto,permite_local_realizacao,permite_unidade,permite_abastecimento,PERMITE_QTD_BUEIROS,PERMITE_PONTE,PERMITE_LUZ_PARA_TODOS, PERMITE_MUNICIPIO_EMERGENCIAL) VALUES (88, 'Construção de barragens de em municípios decretados em situação de emergência',now(),true,1,true,false,false,true,false,false,false,false,true);
INSERT INTO ATIVIDADE_INEXIGIVEL (ide_atividade_inexigivel, nom_atividade_inexigivel, dtc_criacao, ind_ativo, ide_tipo_atividade_inexigivel,permite_endereco,permite_projeto,permite_local_realizacao,permite_unidade,permite_abastecimento,PERMITE_QTD_BUEIROS,PERMITE_PONTE,PERMITE_LUZ_PARA_TODOS, PERMITE_MUNICIPIO_EMERGENCIAL) VALUES (90, 'Construção de barragens subterrâneas em municípios decretados em situação de emergência',now(),true,1,true,false,false,false,false,false,false,false,false);

--Melhoria 9784
INSERT INTO ATIVIDADE_INEXIGIVEL (ide_atividade_inexigivel, nom_atividade_inexigivel, dtc_criacao, ind_ativo, ide_tipo_atividade_inexigivel,permite_endereco,permite_projeto,permite_local_realizacao,permite_unidade,permite_abastecimento,PERMITE_QTD_BUEIROS,PERMITE_PONTE,PERMITE_LUZ_PARA_TODOS, PERMITE_MUNICIPIO_EMERGENCIAL) VALUES (91, 'Construção e/ou operação de pátios de estacionamento',now(),true,2,true,false,false,false,false,false,false,false,false);
INSERT INTO ATIVIDADE_INEXIGIVEL (ide_atividade_inexigivel, nom_atividade_inexigivel, dtc_criacao, ind_ativo, ide_tipo_atividade_inexigivel,permite_endereco,permite_projeto,permite_local_realizacao,permite_unidade,permite_abastecimento,PERMITE_QTD_BUEIROS,PERMITE_PONTE,PERMITE_LUZ_PARA_TODOS, PERMITE_MUNICIPIO_EMERGENCIAL) VALUES (92, 'Fabricação de artigos têxteis sem lavagem e sem pintura',now(),true,2,true,false,false,false,false,false,false,false,false);
INSERT INTO ATIVIDADE_INEXIGIVEL (ide_atividade_inexigivel, nom_atividade_inexigivel, dtc_criacao, ind_ativo, ide_tipo_atividade_inexigivel,permite_endereco,permite_projeto,permite_local_realizacao,permite_unidade,permite_abastecimento,PERMITE_QTD_BUEIROS,PERMITE_PONTE,PERMITE_LUZ_PARA_TODOS, PERMITE_MUNICIPIO_EMERGENCIAL) VALUES (93, 'Fabricação e comercialização de gelo',now(),true,2,true,false,false,false,false,false,false,false,false);
INSERT INTO ATIVIDADE_INEXIGIVEL (ide_atividade_inexigivel, nom_atividade_inexigivel, dtc_criacao, ind_ativo, ide_tipo_atividade_inexigivel,permite_endereco,permite_projeto,permite_local_realizacao,permite_unidade,permite_abastecimento,PERMITE_QTD_BUEIROS,PERMITE_PONTE,PERMITE_LUZ_PARA_TODOS, PERMITE_MUNICIPIO_EMERGENCIAL) VALUES (94, 'Fabricação de artefatos de madeira sem tratamento (sem verniz, pintura, cola e/ou assemelhados)',now(),true,2,true,false,false,false,false,false,false,false,false);
INSERT INTO ATIVIDADE_INEXIGIVEL (ide_atividade_inexigivel, nom_atividade_inexigivel, dtc_criacao, ind_ativo, ide_tipo_atividade_inexigivel,permite_endereco,permite_projeto,permite_local_realizacao,permite_unidade,permite_abastecimento,PERMITE_QTD_BUEIROS,PERMITE_PONTE,PERMITE_LUZ_PARA_TODOS, PERMITE_MUNICIPIO_EMERGENCIAL) VALUES (95, 'Serviços de análises físico-químicas',now(),true,2,true,false,false,false,false,false,false,false,false);
INSERT INTO ATIVIDADE_INEXIGIVEL (ide_atividade_inexigivel, nom_atividade_inexigivel, dtc_criacao, ind_ativo, ide_tipo_atividade_inexigivel,permite_endereco,permite_projeto,permite_local_realizacao,permite_unidade,permite_abastecimento,PERMITE_QTD_BUEIROS,PERMITE_PONTE,PERMITE_LUZ_PARA_TODOS, PERMITE_MUNICIPIO_EMERGENCIAL) VALUES (96, 'Laboratório de análises clínicas',now(),true,2,true,false,false,false,false,false,false,false,false);
INSERT INTO ATIVIDADE_INEXIGIVEL (ide_atividade_inexigivel, nom_atividade_inexigivel, dtc_criacao, ind_ativo, ide_tipo_atividade_inexigivel,permite_endereco,permite_projeto,permite_local_realizacao,permite_unidade,permite_abastecimento,PERMITE_QTD_BUEIROS,PERMITE_PONTE,PERMITE_LUZ_PARA_TODOS, PERMITE_MUNICIPIO_EMERGENCIAL) VALUES (97, 'Comércio varejista de automóveis',now(),true,2,true,false,false,false,false,false,false,false,false);
INSERT INTO ATIVIDADE_INEXIGIVEL (ide_atividade_inexigivel, nom_atividade_inexigivel, dtc_criacao, ind_ativo, ide_tipo_atividade_inexigivel,permite_endereco,permite_projeto,permite_local_realizacao,permite_unidade,permite_abastecimento,PERMITE_QTD_BUEIROS,PERMITE_PONTE,PERMITE_LUZ_PARA_TODOS, PERMITE_MUNICIPIO_EMERGENCIAL) VALUES (98, 'Fracionamento e empacotamento de leite',now(),true,2,true,false,false,false,false,false,false,false,false);
INSERT INTO ATIVIDADE_INEXIGIVEL (ide_atividade_inexigivel, nom_atividade_inexigivel, dtc_criacao, ind_ativo, ide_tipo_atividade_inexigivel,permite_endereco,permite_projeto,permite_local_realizacao,permite_unidade,permite_abastecimento,PERMITE_QTD_BUEIROS,PERMITE_PONTE,PERMITE_LUZ_PARA_TODOS, PERMITE_MUNICIPIO_EMERGENCIAL) VALUES (99, 'Serviços de fisioterapia',now(),true,2,true,false,false,false,false,false,false,false,false);
INSERT INTO ATIVIDADE_INEXIGIVEL (ide_atividade_inexigivel, nom_atividade_inexigivel, dtc_criacao, ind_ativo, ide_tipo_atividade_inexigivel,permite_endereco,permite_projeto,permite_local_realizacao,permite_unidade,permite_abastecimento,PERMITE_QTD_BUEIROS,PERMITE_PONTE,PERMITE_LUZ_PARA_TODOS, PERMITE_MUNICIPIO_EMERGENCIAL) VALUES (100, 'Instalação e manutenção de sistemas de ar condicionado',now(),true,2,false,false,true,false,false,false,false,false,false);
INSERT INTO ATIVIDADE_INEXIGIVEL (ide_atividade_inexigivel, nom_atividade_inexigivel, dtc_criacao, ind_ativo, ide_tipo_atividade_inexigivel,permite_endereco,permite_projeto,permite_local_realizacao,permite_unidade,permite_abastecimento,PERMITE_QTD_BUEIROS,PERMITE_PONTE,PERMITE_LUZ_PARA_TODOS, PERMITE_MUNICIPIO_EMERGENCIAL) VALUES (101, 'Consultoria em Tecnologia da Informação',now(),true,2,false,false,true,false,false,false,false,false,false);
INSERT INTO ATIVIDADE_INEXIGIVEL (ide_atividade_inexigivel, nom_atividade_inexigivel, dtc_criacao, ind_ativo, ide_tipo_atividade_inexigivel,permite_endereco,permite_projeto,permite_local_realizacao,permite_unidade,permite_abastecimento,PERMITE_QTD_BUEIROS,PERMITE_PONTE,PERMITE_LUZ_PARA_TODOS, PERMITE_MUNICIPIO_EMERGENCIAL) VALUES (102, 'Reparação e manutenção de computadores',now(),true,2,false,false,true,false,false,false,false,false,false);
INSERT INTO ATIVIDADE_INEXIGIVEL (ide_atividade_inexigivel, nom_atividade_inexigivel, dtc_criacao, ind_ativo, ide_tipo_atividade_inexigivel,permite_endereco,permite_projeto,permite_local_realizacao,permite_unidade,permite_abastecimento,PERMITE_QTD_BUEIROS,PERMITE_PONTE,PERMITE_LUZ_PARA_TODOS, PERMITE_MUNICIPIO_EMERGENCIAL) VALUES (103, 'Atendimento médico ambulatorial',now(),true,2,false,false,true,false,false,false,false,false,false);


INSERT INTO recomendacao_inexigibilidade(ide_recomendacao_inexigibilidade,des_recomendacao_inexigibilidade, ind_ativo)
    VALUES (1,'Destinar adequadamente os resíduos, de acordo com a legislação pertinente, ficando proibida a disposição aleatória;', true);
INSERT INTO recomendacao_inexigibilidade(ide_recomendacao_inexigibilidade,des_recomendacao_inexigibilidade, ind_ativo)
    VALUES (2,'Respeitar as Áreas de Preservação Permanente, conforme disposto no artigo 8º na Lei Federal nº 12.651, de 25 de maio de 2012.', true);
INSERT INTO recomendacao_inexigibilidade(ide_recomendacao_inexigibilidade,des_recomendacao_inexigibilidade, ind_ativo)
    VALUES (3,'Dispor de sistema de drenagem oleosa composto por Caixa Separadora de Água/Óleo - CSAO. Coletar periodicamente o óleo retido e a borra de limpeza, armazenando-os em bombonas, tambores ou tanques aéreos, situados em bacia de contenção, ou em pátio cimentado, coberto e com sistema de canaletas, direcionadas para a Caixa Separadora de Água/Óleo - CSAO. Encaminhá-lo, posteriormente, para empresa de rerrefino com licença ambiental, conforme estabelecido na Resolução CONAMA nº 362/2005;', true);
INSERT INTO recomendacao_inexigibilidade(ide_recomendacao_inexigibilidade,des_recomendacao_inexigibilidade, ind_ativo)
    VALUES (4,'Obter, junto à Prefeitura Municipal, um documento que ateste a manifestação do município quanto à conformidade da localização do empreendimento ou atividade com a legislação aplicável ao uso e ocupação do solo;', true);
INSERT INTO recomendacao_inexigibilidade(ide_recomendacao_inexigibilidade,des_recomendacao_inexigibilidade, ind_ativo)
    VALUES (5,'Solicitar junto a COELBA a ligação da rede elétrica no município;', true);
INSERT INTO recomendacao_inexigibilidade(ide_recomendacao_inexigibilidade,des_recomendacao_inexigibilidade, ind_ativo)
    VALUES (6,'Atender às normas de segurança em instalações e serviços de eletricidade;', true);
INSERT INTO recomendacao_inexigibilidade(ide_recomendacao_inexigibilidade,des_recomendacao_inexigibilidade, ind_ativo)
    VALUES (7,'Comunicar ao INEMA as situações de emergências ambientais, conforme estabelecido no art. 37 do Regulamento da Lei Estadual nº 10.431/2006, aprovado pelo Decreto Estadual 14.024/2012;', true);
INSERT INTO recomendacao_inexigibilidade(ide_recomendacao_inexigibilidade,des_recomendacao_inexigibilidade, ind_ativo)
    VALUES (8,'Destinar os resíduos Classe I para tratamento e disposição final em empresas licenciadas pelo órgão ambiental competente, efetuando junto ao INEMA a Declaração de Transporte de Resíduos Perigosos – DTRP, conforme o disposto no art. 156 do Decreto Estadual nº 14.024/2012;', true);
INSERT INTO recomendacao_inexigibilidade(ide_recomendacao_inexigibilidade,des_recomendacao_inexigibilidade, ind_ativo)
    VALUES (9,'Implementar Plano de Emergência Ambiental – PEA: Plano que contempla a identificação de cenários emergenciais (situação crítica, acontecimento perigoso ou incidente) capazes de desencadear processos emergenciais e a proposição de ações/procedimentos para contingenciar/mitigar os incidentes.', true);
INSERT INTO recomendacao_inexigibilidade(ide_recomendacao_inexigibilidade,des_recomendacao_inexigibilidade, ind_ativo)
    VALUES (10,'Destinar adequadamente os resíduos, de acordo com as diretrizes, critérios e procedimentos estabelecidos na Resolução CONAMA nº 307/2002, ficando proibida a disposição aleatória;', true);
INSERT INTO recomendacao_inexigibilidade(ide_recomendacao_inexigibilidade,des_recomendacao_inexigibilidade, ind_ativo)
    VALUES (11,'Comunicar ao INEMA quando da realização dos serviços, indicando a data, o local e o horário', true);
INSERT INTO recomendacao_inexigibilidade(ide_recomendacao_inexigibilidade,des_recomendacao_inexigibilidade, ind_ativo)
    VALUES (12,'Os responsáveis pela intervenção deverão obrigatoriamente preencher o formulário “Cadastro de Usuário de Recursos Hídricos” referente a sua atividade, disponibilizado pelo site do INEMA, e dar entrada no protocolo através dos postos de atendimento do INEMA;', true);
INSERT INTO recomendacao_inexigibilidade(ide_recomendacao_inexigibilidade,des_recomendacao_inexigibilidade, ind_ativo)
    VALUES (13,'Os responsáveis pela intervenção deverão zelar para que o seu dimensionamento não traga prejuízos aos usuários de recursos hídricos, não obstrua a vazão do rio para jusante, atenda às vazões de cheia para o risco compatível com o porte do empreendimento, bem como à manutenção das condições de navegabilidade;', true);
INSERT INTO recomendacao_inexigibilidade(ide_recomendacao_inexigibilidade,des_recomendacao_inexigibilidade, ind_ativo)
    VALUES (14,'Os responsáveis pela intervenção deverão preservar a vegetação ciliar existente, o ambiente aquático e as características hidrodinâmicas do manancial, realizando, inclusive, obras de engenharia com a finalidade de mitigar os desbarrancamentos no trecho da intervenção;', true);
INSERT INTO recomendacao_inexigibilidade(ide_recomendacao_inexigibilidade,des_recomendacao_inexigibilidade, ind_ativo)
    VALUES (15,'Nos casos em que a intervenção não for passível de licença ambiental e houver intervenção em área de preservação permanente, declarar ao INEMA, por meio da Declaração de Intervenção em Área Protegida - DIAP, e recuperar as áreas de vegetação ciliar degradadas, no entorno do trecho do manancial onde serão executadas as obras.', true);

INSERT INTO recomendacao_atividade_inexigivel(ide_recomendacao_inexigibilidade, ide_atividade_inexigivel, ind_ativo) VALUES (1, 1, true);
INSERT INTO recomendacao_atividade_inexigivel(ide_recomendacao_inexigibilidade, ide_atividade_inexigivel, ind_ativo) VALUES (1, 2, true);
INSERT INTO recomendacao_atividade_inexigivel(ide_recomendacao_inexigibilidade, ide_atividade_inexigivel, ind_ativo) VALUES (1, 3, true);
INSERT INTO recomendacao_atividade_inexigivel(ide_recomendacao_inexigibilidade, ide_atividade_inexigivel, ind_ativo) VALUES (1, 4, true);
INSERT INTO recomendacao_atividade_inexigivel(ide_recomendacao_inexigibilidade, ide_atividade_inexigivel, ind_ativo) VALUES (1, 5, true);
INSERT INTO recomendacao_atividade_inexigivel(ide_recomendacao_inexigibilidade, ide_atividade_inexigivel, ind_ativo) VALUES (1, 6, true);
INSERT INTO recomendacao_atividade_inexigivel(ide_recomendacao_inexigibilidade, ide_atividade_inexigivel, ind_ativo) VALUES (1, 7, true);
INSERT INTO recomendacao_atividade_inexigivel(ide_recomendacao_inexigibilidade, ide_atividade_inexigivel, ind_ativo) VALUES (1, 8, true);
INSERT INTO recomendacao_atividade_inexigivel(ide_recomendacao_inexigibilidade, ide_atividade_inexigivel, ind_ativo) VALUES (1, 9, true);
INSERT INTO recomendacao_atividade_inexigivel(ide_recomendacao_inexigibilidade, ide_atividade_inexigivel, ind_ativo) VALUES (1, 10, true);
INSERT INTO recomendacao_atividade_inexigivel(ide_recomendacao_inexigibilidade, ide_atividade_inexigivel, ind_ativo) VALUES (1, 11, true);
INSERT INTO recomendacao_atividade_inexigivel(ide_recomendacao_inexigibilidade, ide_atividade_inexigivel, ind_ativo) VALUES (2, 1, true);
INSERT INTO recomendacao_atividade_inexigivel(ide_recomendacao_inexigibilidade, ide_atividade_inexigivel, ind_ativo) VALUES (2, 2, true);
INSERT INTO recomendacao_atividade_inexigivel(ide_recomendacao_inexigibilidade, ide_atividade_inexigivel, ind_ativo) VALUES (2, 3, true);
INSERT INTO recomendacao_atividade_inexigivel(ide_recomendacao_inexigibilidade, ide_atividade_inexigivel, ind_ativo) VALUES (2, 4, true);
INSERT INTO recomendacao_atividade_inexigivel(ide_recomendacao_inexigibilidade, ide_atividade_inexigivel, ind_ativo) VALUES (2, 5, true);
INSERT INTO recomendacao_atividade_inexigivel(ide_recomendacao_inexigibilidade, ide_atividade_inexigivel, ind_ativo) VALUES (2, 6, true);
INSERT INTO recomendacao_atividade_inexigivel(ide_recomendacao_inexigibilidade, ide_atividade_inexigivel, ind_ativo) VALUES (2, 7, true);
INSERT INTO recomendacao_atividade_inexigivel(ide_recomendacao_inexigibilidade, ide_atividade_inexigivel, ind_ativo) VALUES (2, 8, true);
INSERT INTO recomendacao_atividade_inexigivel(ide_recomendacao_inexigibilidade, ide_atividade_inexigivel, ind_ativo) VALUES (2, 9, true);
INSERT INTO recomendacao_atividade_inexigivel(ide_recomendacao_inexigibilidade, ide_atividade_inexigivel, ind_ativo) VALUES (2, 10, true);
INSERT INTO recomendacao_atividade_inexigivel(ide_recomendacao_inexigibilidade, ide_atividade_inexigivel, ind_ativo) VALUES (2, 11, true);
INSERT INTO recomendacao_atividade_inexigivel(ide_recomendacao_inexigibilidade, ide_atividade_inexigivel, ind_ativo) VALUES (1, 12, true);
INSERT INTO recomendacao_atividade_inexigivel(ide_recomendacao_inexigibilidade, ide_atividade_inexigivel, ind_ativo) VALUES (1, 13, true);
INSERT INTO recomendacao_atividade_inexigivel(ide_recomendacao_inexigibilidade, ide_atividade_inexigivel, ind_ativo) VALUES (1, 14, true);
INSERT INTO recomendacao_atividade_inexigivel(ide_recomendacao_inexigibilidade, ide_atividade_inexigivel, ind_ativo) VALUES (2, 12, true);
INSERT INTO recomendacao_atividade_inexigivel(ide_recomendacao_inexigibilidade, ide_atividade_inexigivel, ind_ativo) VALUES (2, 13, true);
INSERT INTO recomendacao_atividade_inexigivel(ide_recomendacao_inexigibilidade, ide_atividade_inexigivel, ind_ativo) VALUES (2, 14, true);
INSERT INTO recomendacao_atividade_inexigivel(ide_recomendacao_inexigibilidade, ide_atividade_inexigivel, ind_ativo) VALUES (3, 12, true);
INSERT INTO recomendacao_atividade_inexigivel(ide_recomendacao_inexigibilidade, ide_atividade_inexigivel, ind_ativo) VALUES (3, 13, true);
INSERT INTO recomendacao_atividade_inexigivel(ide_recomendacao_inexigibilidade, ide_atividade_inexigivel, ind_ativo) VALUES (3, 14, true);
INSERT INTO recomendacao_atividade_inexigivel(ide_recomendacao_inexigibilidade, ide_atividade_inexigivel, ind_ativo) VALUES (1, 15, true);
INSERT INTO recomendacao_atividade_inexigivel(ide_recomendacao_inexigibilidade, ide_atividade_inexigivel, ind_ativo) VALUES (1, 16, true);
INSERT INTO recomendacao_atividade_inexigivel(ide_recomendacao_inexigibilidade, ide_atividade_inexigivel, ind_ativo) VALUES (1, 17, true);
INSERT INTO recomendacao_atividade_inexigivel(ide_recomendacao_inexigibilidade, ide_atividade_inexigivel, ind_ativo) VALUES (1, 18, true);
INSERT INTO recomendacao_atividade_inexigivel(ide_recomendacao_inexigibilidade, ide_atividade_inexigivel, ind_ativo) VALUES (1, 19, true);
INSERT INTO recomendacao_atividade_inexigivel(ide_recomendacao_inexigibilidade, ide_atividade_inexigivel, ind_ativo) VALUES (1, 20, true);
INSERT INTO recomendacao_atividade_inexigivel(ide_recomendacao_inexigibilidade, ide_atividade_inexigivel, ind_ativo) VALUES (1, 21, true);
INSERT INTO recomendacao_atividade_inexigivel(ide_recomendacao_inexigibilidade, ide_atividade_inexigivel, ind_ativo) VALUES (1, 22, true);
INSERT INTO recomendacao_atividade_inexigivel(ide_recomendacao_inexigibilidade, ide_atividade_inexigivel, ind_ativo) VALUES (1, 23, true);
INSERT INTO recomendacao_atividade_inexigivel(ide_recomendacao_inexigibilidade, ide_atividade_inexigivel, ind_ativo) VALUES (1, 24, true);
INSERT INTO recomendacao_atividade_inexigivel(ide_recomendacao_inexigibilidade, ide_atividade_inexigivel, ind_ativo) VALUES (1, 25, true);
INSERT INTO recomendacao_atividade_inexigivel(ide_recomendacao_inexigibilidade, ide_atividade_inexigivel, ind_ativo) VALUES (1, 26, true);
INSERT INTO recomendacao_atividade_inexigivel(ide_recomendacao_inexigibilidade, ide_atividade_inexigivel, ind_ativo) VALUES (2, 27, true);
INSERT INTO recomendacao_atividade_inexigivel(ide_recomendacao_inexigibilidade, ide_atividade_inexigivel, ind_ativo) VALUES (2, 28, true);
INSERT INTO recomendacao_atividade_inexigivel(ide_recomendacao_inexigibilidade, ide_atividade_inexigivel, ind_ativo) VALUES (4, 28, true);
INSERT INTO recomendacao_atividade_inexigivel(ide_recomendacao_inexigibilidade, ide_atividade_inexigivel, ind_ativo) VALUES (5, 28, true);
INSERT INTO recomendacao_atividade_inexigivel(ide_recomendacao_inexigibilidade, ide_atividade_inexigivel, ind_ativo) VALUES (6, 28, true);
INSERT INTO recomendacao_atividade_inexigivel(ide_recomendacao_inexigibilidade, ide_atividade_inexigivel, ind_ativo) VALUES (1, 29, true);
INSERT INTO recomendacao_atividade_inexigivel(ide_recomendacao_inexigibilidade, ide_atividade_inexigivel, ind_ativo) VALUES (7, 29, true);
INSERT INTO recomendacao_atividade_inexigivel(ide_recomendacao_inexigibilidade, ide_atividade_inexigivel, ind_ativo) VALUES (8, 29, true);
INSERT INTO recomendacao_atividade_inexigivel(ide_recomendacao_inexigibilidade, ide_atividade_inexigivel, ind_ativo) VALUES (9, 29, true);
INSERT INTO recomendacao_atividade_inexigivel(ide_recomendacao_inexigibilidade, ide_atividade_inexigivel, ind_ativo) VALUES (1, 30, true);
INSERT INTO recomendacao_atividade_inexigivel(ide_recomendacao_inexigibilidade, ide_atividade_inexigivel, ind_ativo) VALUES (7, 30, true);
INSERT INTO recomendacao_atividade_inexigivel(ide_recomendacao_inexigibilidade, ide_atividade_inexigivel, ind_ativo) VALUES (8, 30, true);
INSERT INTO recomendacao_atividade_inexigivel(ide_recomendacao_inexigibilidade, ide_atividade_inexigivel, ind_ativo) VALUES (9, 30, true);
INSERT INTO recomendacao_atividade_inexigivel(ide_recomendacao_inexigibilidade, ide_atividade_inexigivel, ind_ativo) VALUES (1, 31, true);
INSERT INTO recomendacao_atividade_inexigivel(ide_recomendacao_inexigibilidade, ide_atividade_inexigivel, ind_ativo) VALUES (2, 31, true);
INSERT INTO recomendacao_atividade_inexigivel(ide_recomendacao_inexigibilidade, ide_atividade_inexigivel, ind_ativo) VALUES (1, 32, true);
INSERT INTO recomendacao_atividade_inexigivel(ide_recomendacao_inexigibilidade, ide_atividade_inexigivel, ind_ativo) VALUES (2, 32, true);
INSERT INTO recomendacao_atividade_inexigivel(ide_recomendacao_inexigibilidade, ide_atividade_inexigivel, ind_ativo) VALUES (6, 32, true);
INSERT INTO recomendacao_atividade_inexigivel(ide_recomendacao_inexigibilidade, ide_atividade_inexigivel, ind_ativo) VALUES (2, 33, true);
INSERT INTO recomendacao_atividade_inexigivel(ide_recomendacao_inexigibilidade, ide_atividade_inexigivel, ind_ativo) VALUES (6, 33, true);
INSERT INTO recomendacao_atividade_inexigivel(ide_recomendacao_inexigibilidade, ide_atividade_inexigivel, ind_ativo) VALUES (2, 34, true);
INSERT INTO recomendacao_atividade_inexigivel(ide_recomendacao_inexigibilidade, ide_atividade_inexigivel, ind_ativo) VALUES (6, 34, true);
INSERT INTO recomendacao_atividade_inexigivel(ide_recomendacao_inexigibilidade, ide_atividade_inexigivel, ind_ativo) VALUES (2, 35, true);
INSERT INTO recomendacao_atividade_inexigivel(ide_recomendacao_inexigibilidade, ide_atividade_inexigivel, ind_ativo) VALUES (6, 35, true);
INSERT INTO recomendacao_atividade_inexigivel(ide_recomendacao_inexigibilidade, ide_atividade_inexigivel, ind_ativo) VALUES (2, 36, true);
INSERT INTO recomendacao_atividade_inexigivel(ide_recomendacao_inexigibilidade, ide_atividade_inexigivel, ind_ativo) VALUES (6, 36, true);
INSERT INTO recomendacao_atividade_inexigivel(ide_recomendacao_inexigibilidade, ide_atividade_inexigivel, ind_ativo) VALUES (2, 37, true);
INSERT INTO recomendacao_atividade_inexigivel(ide_recomendacao_inexigibilidade, ide_atividade_inexigivel, ind_ativo) VALUES (6, 37, true);
INSERT INTO recomendacao_atividade_inexigivel(ide_recomendacao_inexigibilidade, ide_atividade_inexigivel, ind_ativo) VALUES (2, 38, true);
INSERT INTO recomendacao_atividade_inexigivel(ide_recomendacao_inexigibilidade, ide_atividade_inexigivel, ind_ativo) VALUES (6, 38, true);
INSERT INTO recomendacao_atividade_inexigivel(ide_recomendacao_inexigibilidade, ide_atividade_inexigivel, ind_ativo) VALUES (2, 39, true);
INSERT INTO recomendacao_atividade_inexigivel(ide_recomendacao_inexigibilidade, ide_atividade_inexigivel, ind_ativo) VALUES (6, 39, true);
INSERT INTO recomendacao_atividade_inexigivel(ide_recomendacao_inexigibilidade, ide_atividade_inexigivel, ind_ativo) VALUES (2, 40, true);
INSERT INTO recomendacao_atividade_inexigivel(ide_recomendacao_inexigibilidade, ide_atividade_inexigivel, ind_ativo) VALUES (6, 40, true);
INSERT INTO recomendacao_atividade_inexigivel(ide_recomendacao_inexigibilidade, ide_atividade_inexigivel, ind_ativo) VALUES (2, 41, true);
INSERT INTO recomendacao_atividade_inexigivel(ide_recomendacao_inexigibilidade, ide_atividade_inexigivel, ind_ativo) VALUES (10, 41, true);
INSERT INTO recomendacao_atividade_inexigivel(ide_recomendacao_inexigibilidade, ide_atividade_inexigivel, ind_ativo) VALUES (2, 42, true);
INSERT INTO recomendacao_atividade_inexigivel(ide_recomendacao_inexigibilidade, ide_atividade_inexigivel, ind_ativo) VALUES (10, 42, true);
INSERT INTO recomendacao_atividade_inexigivel(ide_recomendacao_inexigibilidade, ide_atividade_inexigivel, ind_ativo) VALUES (2, 43, true);
INSERT INTO recomendacao_atividade_inexigivel(ide_recomendacao_inexigibilidade, ide_atividade_inexigivel, ind_ativo) VALUES (10, 43, true);
INSERT INTO recomendacao_atividade_inexigivel(ide_recomendacao_inexigibilidade, ide_atividade_inexigivel, ind_ativo) VALUES (2, 44, true);
INSERT INTO recomendacao_atividade_inexigivel(ide_recomendacao_inexigibilidade, ide_atividade_inexigivel, ind_ativo) VALUES (10, 44, true);
INSERT INTO recomendacao_atividade_inexigivel(ide_recomendacao_inexigibilidade, ide_atividade_inexigivel, ind_ativo) VALUES (2, 45, true);
INSERT INTO recomendacao_atividade_inexigivel(ide_recomendacao_inexigibilidade, ide_atividade_inexigivel, ind_ativo) VALUES (10, 45, true);
INSERT INTO recomendacao_atividade_inexigivel(ide_recomendacao_inexigibilidade, ide_atividade_inexigivel, ind_ativo) VALUES (2, 46, true);
INSERT INTO recomendacao_atividade_inexigivel(ide_recomendacao_inexigibilidade, ide_atividade_inexigivel, ind_ativo) VALUES (10, 46, true);
INSERT INTO recomendacao_atividade_inexigivel(ide_recomendacao_inexigibilidade, ide_atividade_inexigivel, ind_ativo) VALUES (2, 47, true);
INSERT INTO recomendacao_atividade_inexigivel(ide_recomendacao_inexigibilidade, ide_atividade_inexigivel, ind_ativo) VALUES (10, 47, true);
INSERT INTO recomendacao_atividade_inexigivel(ide_recomendacao_inexigibilidade, ide_atividade_inexigivel, ind_ativo) VALUES (2, 48, true);
INSERT INTO recomendacao_atividade_inexigivel(ide_recomendacao_inexigibilidade, ide_atividade_inexigivel, ind_ativo) VALUES (10, 48, true);
INSERT INTO recomendacao_atividade_inexigivel(ide_recomendacao_inexigibilidade, ide_atividade_inexigivel, ind_ativo) VALUES (2, 49, true);
INSERT INTO recomendacao_atividade_inexigivel(ide_recomendacao_inexigibilidade, ide_atividade_inexigivel, ind_ativo) VALUES (10, 49, true);
INSERT INTO recomendacao_atividade_inexigivel(ide_recomendacao_inexigibilidade, ide_atividade_inexigivel, ind_ativo) VALUES (2, 50, true);
INSERT INTO recomendacao_atividade_inexigivel(ide_recomendacao_inexigibilidade, ide_atividade_inexigivel, ind_ativo) VALUES (10, 50, true);
INSERT INTO recomendacao_atividade_inexigivel(ide_recomendacao_inexigibilidade, ide_atividade_inexigivel, ind_ativo) VALUES (2, 51, true);
INSERT INTO recomendacao_atividade_inexigivel(ide_recomendacao_inexigibilidade, ide_atividade_inexigivel, ind_ativo) VALUES (10, 51, true);
INSERT INTO recomendacao_atividade_inexigivel(ide_recomendacao_inexigibilidade, ide_atividade_inexigivel, ind_ativo) VALUES (2, 52, true);
INSERT INTO recomendacao_atividade_inexigivel(ide_recomendacao_inexigibilidade, ide_atividade_inexigivel, ind_ativo) VALUES (10, 52, true);
INSERT INTO recomendacao_atividade_inexigivel(ide_recomendacao_inexigibilidade, ide_atividade_inexigivel, ind_ativo) VALUES (2, 53, true);
INSERT INTO recomendacao_atividade_inexigivel(ide_recomendacao_inexigibilidade, ide_atividade_inexigivel, ind_ativo) VALUES (10, 53, true);
INSERT INTO recomendacao_atividade_inexigivel(ide_recomendacao_inexigibilidade, ide_atividade_inexigivel, ind_ativo) VALUES (1, 54, true);
INSERT INTO recomendacao_atividade_inexigivel(ide_recomendacao_inexigibilidade, ide_atividade_inexigivel, ind_ativo) VALUES (7, 54, true);
INSERT INTO recomendacao_atividade_inexigivel(ide_recomendacao_inexigibilidade, ide_atividade_inexigivel, ind_ativo) VALUES (8, 54, true);
INSERT INTO recomendacao_atividade_inexigivel(ide_recomendacao_inexigibilidade, ide_atividade_inexigivel, ind_ativo) VALUES (9, 54, true);
INSERT INTO recomendacao_atividade_inexigivel(ide_recomendacao_inexigibilidade, ide_atividade_inexigivel, ind_ativo) VALUES (1, 55, true);
INSERT INTO recomendacao_atividade_inexigivel(ide_recomendacao_inexigibilidade, ide_atividade_inexigivel, ind_ativo) VALUES (7, 55, true);
INSERT INTO recomendacao_atividade_inexigivel(ide_recomendacao_inexigibilidade, ide_atividade_inexigivel, ind_ativo) VALUES (8, 55, true);
INSERT INTO recomendacao_atividade_inexigivel(ide_recomendacao_inexigibilidade, ide_atividade_inexigivel, ind_ativo) VALUES (9, 55, true);
INSERT INTO recomendacao_atividade_inexigivel(ide_recomendacao_inexigibilidade, ide_atividade_inexigivel, ind_ativo) VALUES (1, 56, true);
INSERT INTO recomendacao_atividade_inexigivel(ide_recomendacao_inexigibilidade, ide_atividade_inexigivel, ind_ativo) VALUES (7, 56, true);
INSERT INTO recomendacao_atividade_inexigivel(ide_recomendacao_inexigibilidade, ide_atividade_inexigivel, ind_ativo) VALUES (8, 56, true);
INSERT INTO recomendacao_atividade_inexigivel(ide_recomendacao_inexigibilidade, ide_atividade_inexigivel, ind_ativo) VALUES (9, 56, true);
INSERT INTO recomendacao_atividade_inexigivel(ide_recomendacao_inexigibilidade, ide_atividade_inexigivel, ind_ativo) VALUES (1, 57, true);
INSERT INTO recomendacao_atividade_inexigivel(ide_recomendacao_inexigibilidade, ide_atividade_inexigivel, ind_ativo) VALUES (7, 57, true);
INSERT INTO recomendacao_atividade_inexigivel(ide_recomendacao_inexigibilidade, ide_atividade_inexigivel, ind_ativo) VALUES (8, 57, true);
INSERT INTO recomendacao_atividade_inexigivel(ide_recomendacao_inexigibilidade, ide_atividade_inexigivel, ind_ativo) VALUES (9, 57, true);
INSERT INTO recomendacao_atividade_inexigivel(ide_recomendacao_inexigibilidade, ide_atividade_inexigivel, ind_ativo) VALUES (1, 58, true);
INSERT INTO recomendacao_atividade_inexigivel(ide_recomendacao_inexigibilidade, ide_atividade_inexigivel, ind_ativo) VALUES (7, 58, true);
INSERT INTO recomendacao_atividade_inexigivel(ide_recomendacao_inexigibilidade, ide_atividade_inexigivel, ind_ativo) VALUES (8, 58, true);
INSERT INTO recomendacao_atividade_inexigivel(ide_recomendacao_inexigibilidade, ide_atividade_inexigivel, ind_ativo) VALUES (9, 58, true);
INSERT INTO recomendacao_atividade_inexigivel(ide_recomendacao_inexigibilidade, ide_atividade_inexigivel, ind_ativo) VALUES (1, 59, true);
INSERT INTO recomendacao_atividade_inexigivel(ide_recomendacao_inexigibilidade, ide_atividade_inexigivel, ind_ativo) VALUES (7, 59, true);
INSERT INTO recomendacao_atividade_inexigivel(ide_recomendacao_inexigibilidade, ide_atividade_inexigivel, ind_ativo) VALUES (8, 59, true);
INSERT INTO recomendacao_atividade_inexigivel(ide_recomendacao_inexigibilidade, ide_atividade_inexigivel, ind_ativo) VALUES (9, 59, true);
INSERT INTO recomendacao_atividade_inexigivel(ide_recomendacao_inexigibilidade, ide_atividade_inexigivel, ind_ativo) VALUES (1, 60, true);
INSERT INTO recomendacao_atividade_inexigivel(ide_recomendacao_inexigibilidade, ide_atividade_inexigivel, ind_ativo) VALUES (7, 60, true);
INSERT INTO recomendacao_atividade_inexigivel(ide_recomendacao_inexigibilidade, ide_atividade_inexigivel, ind_ativo) VALUES (8, 60, true);
INSERT INTO recomendacao_atividade_inexigivel(ide_recomendacao_inexigibilidade, ide_atividade_inexigivel, ind_ativo) VALUES (9, 60, true);
INSERT INTO recomendacao_atividade_inexigivel(ide_recomendacao_inexigibilidade, ide_atividade_inexigivel, ind_ativo) VALUES (1, 61, true);
INSERT INTO recomendacao_atividade_inexigivel(ide_recomendacao_inexigibilidade, ide_atividade_inexigivel, ind_ativo) VALUES (7, 61, true);
INSERT INTO recomendacao_atividade_inexigivel(ide_recomendacao_inexigibilidade, ide_atividade_inexigivel, ind_ativo) VALUES (8, 61, true);
INSERT INTO recomendacao_atividade_inexigivel(ide_recomendacao_inexigibilidade, ide_atividade_inexigivel, ind_ativo) VALUES (9, 61, true);
INSERT INTO recomendacao_atividade_inexigivel(ide_recomendacao_inexigibilidade, ide_atividade_inexigivel, ind_ativo) VALUES (1, 62, true);
INSERT INTO recomendacao_atividade_inexigivel(ide_recomendacao_inexigibilidade, ide_atividade_inexigivel, ind_ativo) VALUES (7, 62, true);
INSERT INTO recomendacao_atividade_inexigivel(ide_recomendacao_inexigibilidade, ide_atividade_inexigivel, ind_ativo) VALUES (8, 62, true);
INSERT INTO recomendacao_atividade_inexigivel(ide_recomendacao_inexigibilidade, ide_atividade_inexigivel, ind_ativo) VALUES (9, 62, true);
INSERT INTO recomendacao_atividade_inexigivel(ide_recomendacao_inexigibilidade, ide_atividade_inexigivel, ind_ativo) VALUES (1, 63, true);
INSERT INTO recomendacao_atividade_inexigivel(ide_recomendacao_inexigibilidade, ide_atividade_inexigivel, ind_ativo) VALUES (7, 63, true);
INSERT INTO recomendacao_atividade_inexigivel(ide_recomendacao_inexigibilidade, ide_atividade_inexigivel, ind_ativo) VALUES (8, 63, true);
INSERT INTO recomendacao_atividade_inexigivel(ide_recomendacao_inexigibilidade, ide_atividade_inexigivel, ind_ativo) VALUES (9, 63, true);
INSERT INTO recomendacao_atividade_inexigivel(ide_recomendacao_inexigibilidade, ide_atividade_inexigivel, ind_ativo) VALUES (1, 64, true);
INSERT INTO recomendacao_atividade_inexigivel(ide_recomendacao_inexigibilidade, ide_atividade_inexigivel, ind_ativo) VALUES (7, 64, true);
INSERT INTO recomendacao_atividade_inexigivel(ide_recomendacao_inexigibilidade, ide_atividade_inexigivel, ind_ativo) VALUES (8, 64, true);
INSERT INTO recomendacao_atividade_inexigivel(ide_recomendacao_inexigibilidade, ide_atividade_inexigivel, ind_ativo) VALUES (9, 64, true);
INSERT INTO recomendacao_atividade_inexigivel(ide_recomendacao_inexigibilidade, ide_atividade_inexigivel, ind_ativo) VALUES (11, 64, true);
INSERT INTO recomendacao_atividade_inexigivel(ide_recomendacao_inexigibilidade, ide_atividade_inexigivel, ind_ativo) VALUES (1, 65, true);
INSERT INTO recomendacao_atividade_inexigivel(ide_recomendacao_inexigibilidade, ide_atividade_inexigivel, ind_ativo) VALUES (7, 65, true);
INSERT INTO recomendacao_atividade_inexigivel(ide_recomendacao_inexigibilidade, ide_atividade_inexigivel, ind_ativo) VALUES (8, 65, true);
INSERT INTO recomendacao_atividade_inexigivel(ide_recomendacao_inexigibilidade, ide_atividade_inexigivel, ind_ativo) VALUES (1, 66, true);
INSERT INTO recomendacao_atividade_inexigivel(ide_recomendacao_inexigibilidade, ide_atividade_inexigivel, ind_ativo) VALUES (1, 67, true);
INSERT INTO recomendacao_atividade_inexigivel(ide_recomendacao_inexigibilidade, ide_atividade_inexigivel, ind_ativo) VALUES (1, 68, true);
INSERT INTO recomendacao_atividade_inexigivel(ide_recomendacao_inexigibilidade, ide_atividade_inexigivel, ind_ativo) VALUES (1, 69, true);
INSERT INTO recomendacao_atividade_inexigivel(ide_recomendacao_inexigibilidade, ide_atividade_inexigivel, ind_ativo) VALUES (1, 70, true);
INSERT INTO recomendacao_atividade_inexigivel(ide_recomendacao_inexigibilidade, ide_atividade_inexigivel, ind_ativo) VALUES (1, 71, true);
INSERT INTO recomendacao_atividade_inexigivel(ide_recomendacao_inexigibilidade, ide_atividade_inexigivel, ind_ativo) VALUES (2, 71, true);
INSERT INTO recomendacao_atividade_inexigivel(ide_recomendacao_inexigibilidade, ide_atividade_inexigivel, ind_ativo) VALUES (1, 75, true);
INSERT INTO recomendacao_atividade_inexigivel(ide_recomendacao_inexigibilidade, ide_atividade_inexigivel, ind_ativo) VALUES (2, 75, true);
INSERT INTO recomendacao_atividade_inexigivel(ide_recomendacao_inexigibilidade, ide_atividade_inexigivel, ind_ativo) VALUES (1, 76, true);
INSERT INTO recomendacao_atividade_inexigivel(ide_recomendacao_inexigibilidade, ide_atividade_inexigivel, ind_ativo) VALUES (2, 76, true);
INSERT INTO recomendacao_atividade_inexigivel(ide_recomendacao_inexigibilidade, ide_atividade_inexigivel, ind_ativo) VALUES (12, 80, true);
INSERT INTO recomendacao_atividade_inexigivel(ide_recomendacao_inexigibilidade, ide_atividade_inexigivel, ind_ativo) VALUES (13, 80, true);
INSERT INTO recomendacao_atividade_inexigivel(ide_recomendacao_inexigibilidade, ide_atividade_inexigivel, ind_ativo) VALUES (14, 80, true);
INSERT INTO recomendacao_atividade_inexigivel(ide_recomendacao_inexigibilidade, ide_atividade_inexigivel, ind_ativo) VALUES (15, 80, true);
INSERT INTO recomendacao_atividade_inexigivel(ide_recomendacao_inexigibilidade, ide_atividade_inexigivel, ind_ativo) VALUES (12, 81, true);
INSERT INTO recomendacao_atividade_inexigivel(ide_recomendacao_inexigibilidade, ide_atividade_inexigivel, ind_ativo) VALUES (13, 81, true);
INSERT INTO recomendacao_atividade_inexigivel(ide_recomendacao_inexigibilidade, ide_atividade_inexigivel, ind_ativo) VALUES (14, 81, true);
INSERT INTO recomendacao_atividade_inexigivel(ide_recomendacao_inexigibilidade, ide_atividade_inexigivel, ind_ativo) VALUES (15, 81, true);
INSERT INTO recomendacao_atividade_inexigivel(ide_recomendacao_inexigibilidade, ide_atividade_inexigivel, ind_ativo) VALUES (12, 82, true);
INSERT INTO recomendacao_atividade_inexigivel(ide_recomendacao_inexigibilidade, ide_atividade_inexigivel, ind_ativo) VALUES (13, 82, true);
INSERT INTO recomendacao_atividade_inexigivel(ide_recomendacao_inexigibilidade, ide_atividade_inexigivel, ind_ativo) VALUES (14, 82, true);
INSERT INTO recomendacao_atividade_inexigivel(ide_recomendacao_inexigibilidade, ide_atividade_inexigivel, ind_ativo) VALUES (15, 82, true);
INSERT INTO recomendacao_atividade_inexigivel(ide_recomendacao_inexigibilidade, ide_atividade_inexigivel, ind_ativo) VALUES (12, 83, true);
INSERT INTO recomendacao_atividade_inexigivel(ide_recomendacao_inexigibilidade, ide_atividade_inexigivel, ind_ativo) VALUES (13, 83, true);
INSERT INTO recomendacao_atividade_inexigivel(ide_recomendacao_inexigibilidade, ide_atividade_inexigivel, ind_ativo) VALUES (14, 83, true);
INSERT INTO recomendacao_atividade_inexigivel(ide_recomendacao_inexigibilidade, ide_atividade_inexigivel, ind_ativo) VALUES (15, 83, true);
INSERT INTO recomendacao_atividade_inexigivel(ide_recomendacao_inexigibilidade, ide_atividade_inexigivel, ind_ativo) VALUES (12, 84, true);
INSERT INTO recomendacao_atividade_inexigivel(ide_recomendacao_inexigibilidade, ide_atividade_inexigivel, ind_ativo) VALUES (13, 84, true);
INSERT INTO recomendacao_atividade_inexigivel(ide_recomendacao_inexigibilidade, ide_atividade_inexigivel, ind_ativo) VALUES (14, 84, true);
INSERT INTO recomendacao_atividade_inexigivel(ide_recomendacao_inexigibilidade, ide_atividade_inexigivel, ind_ativo) VALUES (15, 84, true);
INSERT INTO recomendacao_atividade_inexigivel(ide_recomendacao_inexigibilidade, ide_atividade_inexigivel, ind_ativo) VALUES (12, 85, true);
INSERT INTO recomendacao_atividade_inexigivel(ide_recomendacao_inexigibilidade, ide_atividade_inexigivel, ind_ativo) VALUES (13, 85, true);
INSERT INTO recomendacao_atividade_inexigivel(ide_recomendacao_inexigibilidade, ide_atividade_inexigivel, ind_ativo) VALUES (14, 85, true);
INSERT INTO recomendacao_atividade_inexigivel(ide_recomendacao_inexigibilidade, ide_atividade_inexigivel, ind_ativo) VALUES (15, 85, true);
INSERT INTO recomendacao_atividade_inexigivel(ide_recomendacao_inexigibilidade, ide_atividade_inexigivel, ind_ativo) VALUES (12, 86, true);
INSERT INTO recomendacao_atividade_inexigivel(ide_recomendacao_inexigibilidade, ide_atividade_inexigivel, ind_ativo) VALUES (13, 86, true);
INSERT INTO recomendacao_atividade_inexigivel(ide_recomendacao_inexigibilidade, ide_atividade_inexigivel, ind_ativo) VALUES (14, 86, true);
INSERT INTO recomendacao_atividade_inexigivel(ide_recomendacao_inexigibilidade, ide_atividade_inexigivel, ind_ativo) VALUES (15, 86, true);
INSERT INTO recomendacao_atividade_inexigivel(ide_recomendacao_inexigibilidade, ide_atividade_inexigivel, ind_ativo) VALUES (12, 87, true);
INSERT INTO recomendacao_atividade_inexigivel(ide_recomendacao_inexigibilidade, ide_atividade_inexigivel, ind_ativo) VALUES (13, 87, true);
INSERT INTO recomendacao_atividade_inexigivel(ide_recomendacao_inexigibilidade, ide_atividade_inexigivel, ind_ativo) VALUES (14, 87, true);
INSERT INTO recomendacao_atividade_inexigivel(ide_recomendacao_inexigibilidade, ide_atividade_inexigivel, ind_ativo) VALUES (15, 87, true);

--Melhoria 9784
INSERT INTO recomendacao_atividade_inexigivel(ide_recomendacao_inexigibilidade, ide_atividade_inexigivel, ind_ativo) VALUES (1, 91, true);
INSERT INTO recomendacao_atividade_inexigivel(ide_recomendacao_inexigibilidade, ide_atividade_inexigivel, ind_ativo) VALUES (1, 92, true);
INSERT INTO recomendacao_atividade_inexigivel(ide_recomendacao_inexigibilidade, ide_atividade_inexigivel, ind_ativo) VALUES (1, 93, true);
INSERT INTO recomendacao_atividade_inexigivel(ide_recomendacao_inexigibilidade, ide_atividade_inexigivel, ind_ativo) VALUES (1, 94, true);
INSERT INTO recomendacao_atividade_inexigivel(ide_recomendacao_inexigibilidade, ide_atividade_inexigivel, ind_ativo) VALUES (1, 95, true);
INSERT INTO recomendacao_atividade_inexigivel(ide_recomendacao_inexigibilidade, ide_atividade_inexigivel, ind_ativo) VALUES (1, 96, true);
INSERT INTO recomendacao_atividade_inexigivel(ide_recomendacao_inexigibilidade, ide_atividade_inexigivel, ind_ativo) VALUES (1, 97, true);
INSERT INTO recomendacao_atividade_inexigivel(ide_recomendacao_inexigibilidade, ide_atividade_inexigivel, ind_ativo) VALUES (1, 98, true);
INSERT INTO recomendacao_atividade_inexigivel(ide_recomendacao_inexigibilidade, ide_atividade_inexigivel, ind_ativo) VALUES (1, 99, true);
INSERT INTO recomendacao_atividade_inexigivel(ide_recomendacao_inexigibilidade, ide_atividade_inexigivel, ind_ativo) VALUES (2, 91, true);

/*ato ambiental*/

INSERT INTO ato_ambiental(ide_ato_ambiental, ide_tipo_ato, sgl_ato_ambiental, nom_ato_ambiental, ind_declaratorio, num_dias_validade, ind_ativo, ind_automatico, ind_visivel_solicitacao_tla)
    VALUES (127, 7, 'DI', 'Declaração de Inexigibilidade', false, 0, true, false,false);

update ato_ambiental set ind_declaratorio = true where nom_ato_ambiental = 'Declaração de Inexigibilidade';

INSERT INTO parametro_calculo(ide_ato_ambiental, valor_taxa, dtc_criacao, ind_boleto, ind_ativo) VALUES (127, '250.00', now(),true,true);


INSERT INTO status_requerimento(nom_status_requerimento) VALUES ('Declaração Emitida');

insert into tipo_local_atividade_inexigivel (ide_tipo_local_atividade_inexigivel,des_tipo_local_atividade, dtc_criacao,ind_ativo) values (1,'em um local específico dentro do estado da Bahia',current_timestamp,true);
insert into tipo_local_atividade_inexigivel (ide_tipo_local_atividade_inexigivel,des_tipo_local_atividade, dtc_criacao,ind_ativo) values (2,'em diversos municípios do estado da Bahia',current_timestamp,true);

insert into tipo_rio_intervencao (ide_tipo_rio_intervencao,des_tipo_rio_intervencao,dtc_criacao,ind_ativo) values (1,'Estadual',current_timestamp,true);
insert into tipo_rio_intervencao (ide_tipo_rio_intervencao,des_tipo_rio_intervencao,dtc_criacao,ind_ativo) values (2,'Federal',current_timestamp,true);

INSERT INTO MODELO_CERTIFICADO_INEXIGIBILIDADE (IDE_MODELO_CERTIFICADO_INEXIGIBILIDADE,DSC_MODELO_CERTIFICADO_INEXIGIBILIDADE) VALUES (1,'certificado_inexigibilidade_modelo01');
INSERT INTO MODELO_CERTIFICADO_INEXIGIBILIDADE (IDE_MODELO_CERTIFICADO_INEXIGIBILIDADE,DSC_MODELO_CERTIFICADO_INEXIGIBILIDADE) VALUES (2,'certificado_inexigibilidade_modelo02');
INSERT INTO MODELO_CERTIFICADO_INEXIGIBILIDADE (IDE_MODELO_CERTIFICADO_INEXIGIBILIDADE,DSC_MODELO_CERTIFICADO_INEXIGIBILIDADE) VALUES (3,'certificado_inexigibilidade_modelo03');
INSERT INTO MODELO_CERTIFICADO_INEXIGIBILIDADE (IDE_MODELO_CERTIFICADO_INEXIGIBILIDADE,DSC_MODELO_CERTIFICADO_INEXIGIBILIDADE) VALUES (4,'certificado_inexigibilidade_modelo04');
INSERT INTO MODELO_CERTIFICADO_INEXIGIBILIDADE (IDE_MODELO_CERTIFICADO_INEXIGIBILIDADE,DSC_MODELO_CERTIFICADO_INEXIGIBILIDADE) VALUES (5,'certificado_inexigibilidade_modelo05');
INSERT INTO MODELO_CERTIFICADO_INEXIGIBILIDADE (IDE_MODELO_CERTIFICADO_INEXIGIBILIDADE,DSC_MODELO_CERTIFICADO_INEXIGIBILIDADE) VALUES (6,'certificado_inexigibilidade_modelo06');
INSERT INTO MODELO_CERTIFICADO_INEXIGIBILIDADE (IDE_MODELO_CERTIFICADO_INEXIGIBILIDADE,DSC_MODELO_CERTIFICADO_INEXIGIBILIDADE) VALUES (7,'certificado_inexigibilidade_modelo07');
INSERT INTO MODELO_CERTIFICADO_INEXIGIBILIDADE (IDE_MODELO_CERTIFICADO_INEXIGIBILIDADE,DSC_MODELO_CERTIFICADO_INEXIGIBILIDADE) VALUES (8,'certificado_inexigibilidade_modelo08');


/* ATIVIDADE TIPO LICENÇA */
INSERT INTO ATIVIDADE_INEXIGIVEL_MODELO_CERTIFICADO_INEXIGIBILIDADE(IDE_MODELO_CERTIFICADO_INEXIGIBILIDADE, ide_atividade_inexigivel) VALUES (1, 1);
INSERT INTO ATIVIDADE_INEXIGIVEL_MODELO_CERTIFICADO_INEXIGIBILIDADE(IDE_MODELO_CERTIFICADO_INEXIGIBILIDADE, ide_atividade_inexigivel) VALUES (1, 2);
INSERT INTO ATIVIDADE_INEXIGIVEL_MODELO_CERTIFICADO_INEXIGIBILIDADE(IDE_MODELO_CERTIFICADO_INEXIGIBILIDADE, ide_atividade_inexigivel) VALUES (1, 3);
INSERT INTO ATIVIDADE_INEXIGIVEL_MODELO_CERTIFICADO_INEXIGIBILIDADE(IDE_MODELO_CERTIFICADO_INEXIGIBILIDADE, ide_atividade_inexigivel) VALUES (1, 4);
INSERT INTO ATIVIDADE_INEXIGIVEL_MODELO_CERTIFICADO_INEXIGIBILIDADE(IDE_MODELO_CERTIFICADO_INEXIGIBILIDADE, ide_atividade_inexigivel) VALUES (1, 5);
INSERT INTO ATIVIDADE_INEXIGIVEL_MODELO_CERTIFICADO_INEXIGIBILIDADE(IDE_MODELO_CERTIFICADO_INEXIGIBILIDADE, ide_atividade_inexigivel) VALUES (1, 6);
INSERT INTO ATIVIDADE_INEXIGIVEL_MODELO_CERTIFICADO_INEXIGIBILIDADE(IDE_MODELO_CERTIFICADO_INEXIGIBILIDADE, ide_atividade_inexigivel) VALUES (1, 7);
INSERT INTO ATIVIDADE_INEXIGIVEL_MODELO_CERTIFICADO_INEXIGIBILIDADE(IDE_MODELO_CERTIFICADO_INEXIGIBILIDADE, ide_atividade_inexigivel) VALUES (1, 8);
INSERT INTO ATIVIDADE_INEXIGIVEL_MODELO_CERTIFICADO_INEXIGIBILIDADE(IDE_MODELO_CERTIFICADO_INEXIGIBILIDADE, ide_atividade_inexigivel) VALUES (1, 9);
INSERT INTO ATIVIDADE_INEXIGIVEL_MODELO_CERTIFICADO_INEXIGIBILIDADE(IDE_MODELO_CERTIFICADO_INEXIGIBILIDADE, ide_atividade_inexigivel) VALUES (1, 10);
INSERT INTO ATIVIDADE_INEXIGIVEL_MODELO_CERTIFICADO_INEXIGIBILIDADE(IDE_MODELO_CERTIFICADO_INEXIGIBILIDADE, ide_atividade_inexigivel) VALUES (1, 11);
INSERT INTO ATIVIDADE_INEXIGIVEL_MODELO_CERTIFICADO_INEXIGIBILIDADE(IDE_MODELO_CERTIFICADO_INEXIGIBILIDADE, ide_atividade_inexigivel) VALUES (1, 12);
INSERT INTO ATIVIDADE_INEXIGIVEL_MODELO_CERTIFICADO_INEXIGIBILIDADE(IDE_MODELO_CERTIFICADO_INEXIGIBILIDADE, ide_atividade_inexigivel) VALUES (1, 13);
INSERT INTO ATIVIDADE_INEXIGIVEL_MODELO_CERTIFICADO_INEXIGIBILIDADE(IDE_MODELO_CERTIFICADO_INEXIGIBILIDADE, ide_atividade_inexigivel) VALUES (1, 14);
INSERT INTO ATIVIDADE_INEXIGIVEL_MODELO_CERTIFICADO_INEXIGIBILIDADE(IDE_MODELO_CERTIFICADO_INEXIGIBILIDADE, ide_atividade_inexigivel) VALUES (1, 15);
INSERT INTO ATIVIDADE_INEXIGIVEL_MODELO_CERTIFICADO_INEXIGIBILIDADE(IDE_MODELO_CERTIFICADO_INEXIGIBILIDADE, ide_atividade_inexigivel) VALUES (1, 16);
INSERT INTO ATIVIDADE_INEXIGIVEL_MODELO_CERTIFICADO_INEXIGIBILIDADE(IDE_MODELO_CERTIFICADO_INEXIGIBILIDADE, ide_atividade_inexigivel) VALUES (1, 17);
INSERT INTO ATIVIDADE_INEXIGIVEL_MODELO_CERTIFICADO_INEXIGIBILIDADE(IDE_MODELO_CERTIFICADO_INEXIGIBILIDADE, ide_atividade_inexigivel) VALUES (1, 18);
INSERT INTO ATIVIDADE_INEXIGIVEL_MODELO_CERTIFICADO_INEXIGIBILIDADE(IDE_MODELO_CERTIFICADO_INEXIGIBILIDADE, ide_atividade_inexigivel) VALUES (1, 19);
INSERT INTO ATIVIDADE_INEXIGIVEL_MODELO_CERTIFICADO_INEXIGIBILIDADE(IDE_MODELO_CERTIFICADO_INEXIGIBILIDADE, ide_atividade_inexigivel) VALUES (1, 20);
INSERT INTO ATIVIDADE_INEXIGIVEL_MODELO_CERTIFICADO_INEXIGIBILIDADE(IDE_MODELO_CERTIFICADO_INEXIGIBILIDADE, ide_atividade_inexigivel) VALUES (1, 21);
INSERT INTO ATIVIDADE_INEXIGIVEL_MODELO_CERTIFICADO_INEXIGIBILIDADE(IDE_MODELO_CERTIFICADO_INEXIGIBILIDADE, ide_atividade_inexigivel) VALUES (1, 22);
INSERT INTO ATIVIDADE_INEXIGIVEL_MODELO_CERTIFICADO_INEXIGIBILIDADE(IDE_MODELO_CERTIFICADO_INEXIGIBILIDADE, ide_atividade_inexigivel) VALUES (1, 23);
INSERT INTO ATIVIDADE_INEXIGIVEL_MODELO_CERTIFICADO_INEXIGIBILIDADE(IDE_MODELO_CERTIFICADO_INEXIGIBILIDADE, ide_atividade_inexigivel) VALUES (1, 24);
INSERT INTO ATIVIDADE_INEXIGIVEL_MODELO_CERTIFICADO_INEXIGIBILIDADE(IDE_MODELO_CERTIFICADO_INEXIGIBILIDADE, ide_atividade_inexigivel) VALUES (1, 25);
INSERT INTO ATIVIDADE_INEXIGIVEL_MODELO_CERTIFICADO_INEXIGIBILIDADE(IDE_MODELO_CERTIFICADO_INEXIGIBILIDADE, ide_atividade_inexigivel) VALUES (1, 26);
INSERT INTO ATIVIDADE_INEXIGIVEL_MODELO_CERTIFICADO_INEXIGIBILIDADE(IDE_MODELO_CERTIFICADO_INEXIGIBILIDADE, ide_atividade_inexigivel) VALUES (1, 27);
INSERT INTO ATIVIDADE_INEXIGIVEL_MODELO_CERTIFICADO_INEXIGIBILIDADE(IDE_MODELO_CERTIFICADO_INEXIGIBILIDADE, ide_atividade_inexigivel) VALUES (1, 28);
INSERT INTO ATIVIDADE_INEXIGIVEL_MODELO_CERTIFICADO_INEXIGIBILIDADE(IDE_MODELO_CERTIFICADO_INEXIGIBILIDADE, ide_atividade_inexigivel) VALUES (1, 29);
INSERT INTO ATIVIDADE_INEXIGIVEL_MODELO_CERTIFICADO_INEXIGIBILIDADE(IDE_MODELO_CERTIFICADO_INEXIGIBILIDADE, ide_atividade_inexigivel) VALUES (1, 30);
INSERT INTO ATIVIDADE_INEXIGIVEL_MODELO_CERTIFICADO_INEXIGIBILIDADE(IDE_MODELO_CERTIFICADO_INEXIGIBILIDADE, ide_atividade_inexigivel) VALUES (1, 31);
INSERT INTO ATIVIDADE_INEXIGIVEL_MODELO_CERTIFICADO_INEXIGIBILIDADE(IDE_MODELO_CERTIFICADO_INEXIGIBILIDADE, ide_atividade_inexigivel) VALUES (1, 32);
INSERT INTO ATIVIDADE_INEXIGIVEL_MODELO_CERTIFICADO_INEXIGIBILIDADE(IDE_MODELO_CERTIFICADO_INEXIGIBILIDADE, ide_atividade_inexigivel) VALUES (2, 33);
INSERT INTO ATIVIDADE_INEXIGIVEL_MODELO_CERTIFICADO_INEXIGIBILIDADE(IDE_MODELO_CERTIFICADO_INEXIGIBILIDADE, ide_atividade_inexigivel) VALUES (2, 34);
INSERT INTO ATIVIDADE_INEXIGIVEL_MODELO_CERTIFICADO_INEXIGIBILIDADE(IDE_MODELO_CERTIFICADO_INEXIGIBILIDADE, ide_atividade_inexigivel) VALUES (2, 35);
INSERT INTO ATIVIDADE_INEXIGIVEL_MODELO_CERTIFICADO_INEXIGIBILIDADE(IDE_MODELO_CERTIFICADO_INEXIGIBILIDADE, ide_atividade_inexigivel) VALUES (2, 36);
INSERT INTO ATIVIDADE_INEXIGIVEL_MODELO_CERTIFICADO_INEXIGIBILIDADE(IDE_MODELO_CERTIFICADO_INEXIGIBILIDADE, ide_atividade_inexigivel) VALUES (2, 37);
INSERT INTO ATIVIDADE_INEXIGIVEL_MODELO_CERTIFICADO_INEXIGIBILIDADE(IDE_MODELO_CERTIFICADO_INEXIGIBILIDADE, ide_atividade_inexigivel) VALUES (2, 38);
INSERT INTO ATIVIDADE_INEXIGIVEL_MODELO_CERTIFICADO_INEXIGIBILIDADE(IDE_MODELO_CERTIFICADO_INEXIGIBILIDADE, ide_atividade_inexigivel) VALUES (2, 39);
INSERT INTO ATIVIDADE_INEXIGIVEL_MODELO_CERTIFICADO_INEXIGIBILIDADE(IDE_MODELO_CERTIFICADO_INEXIGIBILIDADE, ide_atividade_inexigivel) VALUES (2, 40);
INSERT INTO ATIVIDADE_INEXIGIVEL_MODELO_CERTIFICADO_INEXIGIBILIDADE(IDE_MODELO_CERTIFICADO_INEXIGIBILIDADE, ide_atividade_inexigivel) VALUES (2, 41);
INSERT INTO ATIVIDADE_INEXIGIVEL_MODELO_CERTIFICADO_INEXIGIBILIDADE(IDE_MODELO_CERTIFICADO_INEXIGIBILIDADE, ide_atividade_inexigivel) VALUES (2, 42);
INSERT INTO ATIVIDADE_INEXIGIVEL_MODELO_CERTIFICADO_INEXIGIBILIDADE(IDE_MODELO_CERTIFICADO_INEXIGIBILIDADE, ide_atividade_inexigivel) VALUES (2, 43);
INSERT INTO ATIVIDADE_INEXIGIVEL_MODELO_CERTIFICADO_INEXIGIBILIDADE(IDE_MODELO_CERTIFICADO_INEXIGIBILIDADE, ide_atividade_inexigivel) VALUES (2, 44);
INSERT INTO ATIVIDADE_INEXIGIVEL_MODELO_CERTIFICADO_INEXIGIBILIDADE(IDE_MODELO_CERTIFICADO_INEXIGIBILIDADE, ide_atividade_inexigivel) VALUES (2, 45);
INSERT INTO ATIVIDADE_INEXIGIVEL_MODELO_CERTIFICADO_INEXIGIBILIDADE(IDE_MODELO_CERTIFICADO_INEXIGIBILIDADE, ide_atividade_inexigivel) VALUES (2, 46);
INSERT INTO ATIVIDADE_INEXIGIVEL_MODELO_CERTIFICADO_INEXIGIBILIDADE(IDE_MODELO_CERTIFICADO_INEXIGIBILIDADE, ide_atividade_inexigivel) VALUES (2, 47);
INSERT INTO ATIVIDADE_INEXIGIVEL_MODELO_CERTIFICADO_INEXIGIBILIDADE(IDE_MODELO_CERTIFICADO_INEXIGIBILIDADE, ide_atividade_inexigivel) VALUES (2, 48);
INSERT INTO ATIVIDADE_INEXIGIVEL_MODELO_CERTIFICADO_INEXIGIBILIDADE(IDE_MODELO_CERTIFICADO_INEXIGIBILIDADE, ide_atividade_inexigivel) VALUES (2, 49);
INSERT INTO ATIVIDADE_INEXIGIVEL_MODELO_CERTIFICADO_INEXIGIBILIDADE(IDE_MODELO_CERTIFICADO_INEXIGIBILIDADE, ide_atividade_inexigivel) VALUES (2, 50);
INSERT INTO ATIVIDADE_INEXIGIVEL_MODELO_CERTIFICADO_INEXIGIBILIDADE(IDE_MODELO_CERTIFICADO_INEXIGIBILIDADE, ide_atividade_inexigivel) VALUES (2, 51);
INSERT INTO ATIVIDADE_INEXIGIVEL_MODELO_CERTIFICADO_INEXIGIBILIDADE(IDE_MODELO_CERTIFICADO_INEXIGIBILIDADE, ide_atividade_inexigivel) VALUES (2, 52);
INSERT INTO ATIVIDADE_INEXIGIVEL_MODELO_CERTIFICADO_INEXIGIBILIDADE(IDE_MODELO_CERTIFICADO_INEXIGIBILIDADE, ide_atividade_inexigivel) VALUES (2, 53);
INSERT INTO ATIVIDADE_INEXIGIVEL_MODELO_CERTIFICADO_INEXIGIBILIDADE(IDE_MODELO_CERTIFICADO_INEXIGIBILIDADE, ide_atividade_inexigivel) VALUES (2, 71);
INSERT INTO ATIVIDADE_INEXIGIVEL_MODELO_CERTIFICADO_INEXIGIBILIDADE(IDE_MODELO_CERTIFICADO_INEXIGIBILIDADE, ide_atividade_inexigivel) VALUES (4, 72);
INSERT INTO ATIVIDADE_INEXIGIVEL_MODELO_CERTIFICADO_INEXIGIBILIDADE(IDE_MODELO_CERTIFICADO_INEXIGIBILIDADE, ide_atividade_inexigivel) VALUES (4, 73);
INSERT INTO ATIVIDADE_INEXIGIVEL_MODELO_CERTIFICADO_INEXIGIBILIDADE(IDE_MODELO_CERTIFICADO_INEXIGIBILIDADE, ide_atividade_inexigivel) VALUES (4, 74);
INSERT INTO ATIVIDADE_INEXIGIVEL_MODELO_CERTIFICADO_INEXIGIBILIDADE(IDE_MODELO_CERTIFICADO_INEXIGIBILIDADE, ide_atividade_inexigivel) VALUES (5, 75);
INSERT INTO ATIVIDADE_INEXIGIVEL_MODELO_CERTIFICADO_INEXIGIBILIDADE(IDE_MODELO_CERTIFICADO_INEXIGIBILIDADE, ide_atividade_inexigivel) VALUES (5, 77);
INSERT INTO ATIVIDADE_INEXIGIVEL_MODELO_CERTIFICADO_INEXIGIBILIDADE(IDE_MODELO_CERTIFICADO_INEXIGIBILIDADE, ide_atividade_inexigivel) VALUES (6, 76);
INSERT INTO ATIVIDADE_INEXIGIVEL_MODELO_CERTIFICADO_INEXIGIBILIDADE(IDE_MODELO_CERTIFICADO_INEXIGIBILIDADE, ide_atividade_inexigivel) VALUES (4, 78);
INSERT INTO ATIVIDADE_INEXIGIVEL_MODELO_CERTIFICADO_INEXIGIBILIDADE(IDE_MODELO_CERTIFICADO_INEXIGIBILIDADE, ide_atividade_inexigivel) VALUES (4, 79);
INSERT INTO ATIVIDADE_INEXIGIVEL_MODELO_CERTIFICADO_INEXIGIBILIDADE(IDE_MODELO_CERTIFICADO_INEXIGIBILIDADE, ide_atividade_inexigivel) VALUES (4, 88);
INSERT INTO ATIVIDADE_INEXIGIVEL_MODELO_CERTIFICADO_INEXIGIBILIDADE(IDE_MODELO_CERTIFICADO_INEXIGIBILIDADE, ide_atividade_inexigivel) VALUES (5, 89);
INSERT INTO ATIVIDADE_INEXIGIVEL_MODELO_CERTIFICADO_INEXIGIBILIDADE(IDE_MODELO_CERTIFICADO_INEXIGIBILIDADE, ide_atividade_inexigivel) VALUES (7, 80);
INSERT INTO ATIVIDADE_INEXIGIVEL_MODELO_CERTIFICADO_INEXIGIBILIDADE(IDE_MODELO_CERTIFICADO_INEXIGIBILIDADE, ide_atividade_inexigivel) VALUES (7, 81);
INSERT INTO ATIVIDADE_INEXIGIVEL_MODELO_CERTIFICADO_INEXIGIBILIDADE(IDE_MODELO_CERTIFICADO_INEXIGIBILIDADE, ide_atividade_inexigivel) VALUES (7, 82);
INSERT INTO ATIVIDADE_INEXIGIVEL_MODELO_CERTIFICADO_INEXIGIBILIDADE(IDE_MODELO_CERTIFICADO_INEXIGIBILIDADE, ide_atividade_inexigivel) VALUES (7, 83);
INSERT INTO ATIVIDADE_INEXIGIVEL_MODELO_CERTIFICADO_INEXIGIBILIDADE(IDE_MODELO_CERTIFICADO_INEXIGIBILIDADE, ide_atividade_inexigivel) VALUES (7, 84);
INSERT INTO ATIVIDADE_INEXIGIVEL_MODELO_CERTIFICADO_INEXIGIBILIDADE(IDE_MODELO_CERTIFICADO_INEXIGIBILIDADE, ide_atividade_inexigivel) VALUES (7, 86);
INSERT INTO ATIVIDADE_INEXIGIVEL_MODELO_CERTIFICADO_INEXIGIBILIDADE(IDE_MODELO_CERTIFICADO_INEXIGIBILIDADE, ide_atividade_inexigivel) VALUES (8, 85);
INSERT INTO ATIVIDADE_INEXIGIVEL_MODELO_CERTIFICADO_INEXIGIBILIDADE(IDE_MODELO_CERTIFICADO_INEXIGIBILIDADE, ide_atividade_inexigivel) VALUES (8, 87);
INSERT INTO ATIVIDADE_INEXIGIVEL_MODELO_CERTIFICADO_INEXIGIBILIDADE(IDE_MODELO_CERTIFICADO_INEXIGIBILIDADE, ide_atividade_inexigivel) VALUES (1, 91);
INSERT INTO ATIVIDADE_INEXIGIVEL_MODELO_CERTIFICADO_INEXIGIBILIDADE(IDE_MODELO_CERTIFICADO_INEXIGIBILIDADE, ide_atividade_inexigivel) VALUES (1, 92);
INSERT INTO ATIVIDADE_INEXIGIVEL_MODELO_CERTIFICADO_INEXIGIBILIDADE(IDE_MODELO_CERTIFICADO_INEXIGIBILIDADE, ide_atividade_inexigivel) VALUES (1, 93);
INSERT INTO ATIVIDADE_INEXIGIVEL_MODELO_CERTIFICADO_INEXIGIBILIDADE(IDE_MODELO_CERTIFICADO_INEXIGIBILIDADE, ide_atividade_inexigivel) VALUES (1, 94);
INSERT INTO ATIVIDADE_INEXIGIVEL_MODELO_CERTIFICADO_INEXIGIBILIDADE(IDE_MODELO_CERTIFICADO_INEXIGIBILIDADE, ide_atividade_inexigivel) VALUES (1, 95);
INSERT INTO ATIVIDADE_INEXIGIVEL_MODELO_CERTIFICADO_INEXIGIBILIDADE(IDE_MODELO_CERTIFICADO_INEXIGIBILIDADE, ide_atividade_inexigivel) VALUES (1, 96);
INSERT INTO ATIVIDADE_INEXIGIVEL_MODELO_CERTIFICADO_INEXIGIBILIDADE(IDE_MODELO_CERTIFICADO_INEXIGIBILIDADE, ide_atividade_inexigivel) VALUES (1, 97);
INSERT INTO ATIVIDADE_INEXIGIVEL_MODELO_CERTIFICADO_INEXIGIBILIDADE(IDE_MODELO_CERTIFICADO_INEXIGIBILIDADE, ide_atividade_inexigivel) VALUES (1, 98);
INSERT INTO ATIVIDADE_INEXIGIVEL_MODELO_CERTIFICADO_INEXIGIBILIDADE(IDE_MODELO_CERTIFICADO_INEXIGIBILIDADE, ide_atividade_inexigivel) VALUES (1, 99);

COMMIT;
